Primary,2017,2018,2019,2020,2021,2022,2023,2024,2025,2026,2027,2028,2029,2030,2031,2032,2033,2034,2035,2036,2037,2038,2039,2040,2041,2042,2043,2044,2045,2046,2047,2048,2049,2050,Licence area
ACKLAM,0,0.25,0.39,0.46,0.54,0.63,0.65,0.68,0.7,0.74,0.55,0.57,0.59,0.63,0.64,0.66,0.69,0.72,0.74,0.77,0.79,0.81,0.82,0.84,0.85,0.87,0.88,0.89,0.88,0.88,0.89,0.89,0.9,0.88,NPgN
AMBERTON ROAD,1.9,2.37,2.63,2.76,2.91,3.07,3.11,3.17,3.21,3.27,2.93,2.95,3.01,3.08,3.09,3.14,3.18,3.24,3.28,3.32,3.37,3.4,3.43,3.46,3.49,3.51,3.53,3.55,3.53,3.54,3.55,3.56,3.57,3.53,NPgN
ANNFIELD 66/20KV,0,0.4,0.63,0.75,0.87,1.01,1.05,1.1,1.13,1.19,0.89,0.91,0.96,1.02,1.03,1.07,1.11,1.16,1.2,1.23,1.27,1.3,1.33,1.35,1.37,1.39,1.41,1.43,1.41,1.42,1.43,1.44,1.45,1.42,NPgN
ASHINGTON,0.95,1.41,1.67,1.8,1.94,2.1,2.15,2.2,2.25,2.31,1.97,1.99,2.04,2.12,2.13,2.17,2.22,2.27,2.32,2.36,2.4,2.43,2.47,2.49,2.52,2.54,2.56,2.58,2.56,2.58,2.59,2.6,2.6,2.57,NPgN
AYCLIFFE FORREST,0,0,0,0,0,0,0,0,0,0,0,0,0,0,0,0,0,0,0,0,0,0,0,0,0,0,0,0,0,0,0,0,0,0,NPgN
AYCLIFFE INDUSTRIAL,0,0.16,0.24,0.29,0.34,0.39,0.41,0.42,0.44,0.46,0.34,0.35,0.37,0.4,0.4,0.41,0.43,0.45,0.46,0.48,0.49,0.5,0.51,0.52,0.53,0.54,0.55,0.55,0.55,0.55,0.55,0.56,0.56,0.55,NPgN
BARDEN FRIAR,0,0.04,0.07,0.08,0.09,0.11,0.11,0.11,0.12,0.12,0.09,0.1,0.1,0.11,0.11,0.11,0.12,0.12,0.13,0.13,0.13,0.14,0.14,0.14,0.14,0.15,0.15,0.15,0.15,0.15,0.15,0.15,0.15,0.15,NPgN
BEDALE,1.43,1.75,1.94,2.03,2.13,2.25,2.28,2.32,2.35,2.39,2.15,2.17,2.21,2.26,2.26,2.3,2.33,2.37,2.4,2.43,2.46,2.48,2.51,2.52,2.54,2.56,2.57,2.59,2.57,2.58,2.59,2.6,2.6,2.57,NPgN
BELMONT,0,0.37,0.57,0.68,0.79,0.91,0.95,0.99,1.03,1.08,0.81,0.83,0.87,0.92,0.93,0.97,1,1.05,1.08,1.12,1.15,1.18,1.2,1.22,1.24,1.26,1.28,1.29,1.28,1.29,1.3,1.3,1.31,1.28,NPgN
BENSHAM,0,0.21,0.33,0.4,0.46,0.54,0.56,0.58,0.6,0.63,0.47,0.48,0.51,0.54,0.55,0.57,0.59,0.61,0.64,0.65,0.67,0.69,0.7,0.72,0.73,0.74,0.75,0.76,0.75,0.75,0.76,0.76,0.77,0.75,NPgN
BENTON SQUARE,0,0.27,0.42,0.5,0.58,0.67,0.7,0.73,0.76,0.79,0.59,0.61,0.64,0.68,0.69,0.71,0.74,0.77,0.8,0.82,0.85,0.87,0.89,0.9,0.92,0.93,0.94,0.95,0.94,0.95,0.95,0.96,0.96,0.94,NPgN
BENWELL,0,0.38,0.58,0.69,0.81,0.94,0.98,1.02,1.05,1.1,0.83,0.85,0.89,0.95,0.96,0.99,1.03,1.07,1.11,1.14,1.18,1.21,1.23,1.25,1.28,1.29,1.31,1.32,1.31,1.32,1.33,1.34,1.34,1.31,NPgN
BILLINGHAM MARSH HOUSE,0,0.13,0.2,0.24,0.28,0.32,0.34,0.35,0.36,0.38,0.28,0.29,0.31,0.33,0.33,0.34,0.35,0.37,0.38,0.39,0.41,0.41,0.42,0.43,0.44,0.45,0.45,0.46,0.45,0.45,0.46,0.46,0.46,0.45,NPgN
BILLY MILL,1.19,1.38,1.49,1.54,1.6,1.66,1.68,1.71,1.72,1.75,1.61,1.62,1.64,1.67,1.67,1.69,1.71,1.73,1.75,1.77,1.79,1.8,1.82,1.83,1.84,1.85,1.85,1.86,1.86,1.86,1.86,1.87,1.87,1.86,NPgN
BIRTLEY GROVE 66/11KV,0,0.12,0.19,0.23,0.26,0.31,0.32,0.33,0.34,0.36,0.27,0.28,0.29,0.31,0.31,0.32,0.34,0.35,0.36,0.37,0.38,0.39,0.4,0.41,0.42,0.42,0.43,0.43,0.43,0.43,0.43,0.44,0.44,0.43,NPgN
BIRTLEY GROVE 66/20KV,3.99,4.17,4.26,4.32,4.37,4.43,4.45,4.47,4.49,4.51,4.38,4.39,4.41,4.44,4.44,4.46,4.47,4.5,4.51,4.53,4.54,4.56,4.57,4.58,4.59,4.6,4.61,4.61,4.61,4.61,4.61,4.62,4.62,4.61,NPgN
BLAYDON BURN,10.18,10.54,10.74,10.85,10.96,11.08,11.12,11.16,11.19,11.24,10.97,10.99,11.04,11.09,11.1,11.14,11.17,11.21,11.25,11.28,11.31,11.34,11.37,11.39,11.41,11.43,11.44,11.46,11.44,11.45,11.46,11.47,11.47,11.44,NPgN
BLUCHER 33/11KV,0,0.2,0.31,0.37,0.43,0.5,0.52,0.54,0.56,0.59,0.44,0.45,0.48,0.51,0.51,0.53,0.55,0.57,0.59,0.61,0.63,0.64,0.66,0.67,0.68,0.69,0.7,0.71,0.7,0.71,0.71,0.72,0.72,0.7,NPgN
BOLDON DOWNHILL,0,0.13,0.2,0.24,0.28,0.32,0.33,0.35,0.36,0.38,0.28,0.29,0.3,0.32,0.33,0.34,0.35,0.37,0.38,0.39,0.4,0.41,0.42,0.43,0.44,0.44,0.45,0.45,0.45,0.45,0.46,0.46,0.46,0.45,NPgN
BOROUGHBRIDGE/ROECLIFFE INDUSTRIAL,0,0.13,0.21,0.25,0.29,0.33,0.35,0.36,0.38,0.39,0.29,0.3,0.32,0.34,0.34,0.35,0.37,0.38,0.4,0.41,0.42,0.43,0.44,0.45,0.45,0.46,0.47,0.47,0.47,0.47,0.47,0.48,0.48,0.47,NPgN
BOWESFIELD 33/11KV,0,0.43,0.67,0.8,0.93,1.08,1.12,1.17,1.21,1.27,0.95,0.98,1.02,1.09,1.1,1.14,1.18,1.24,1.28,1.32,1.36,1.39,1.42,1.44,1.47,1.49,1.51,1.52,1.51,1.52,1.53,1.54,1.54,1.51,NPgN
BOWESFIELD 66/11KV,0,0.22,0.35,0.41,0.48,0.56,0.58,0.61,0.63,0.66,0.49,0.51,0.53,0.57,0.57,0.59,0.61,0.64,0.66,0.68,0.7,0.72,0.73,0.75,0.76,0.77,0.78,0.79,0.78,0.79,0.79,0.8,0.8,0.78,NPgN
BRANCEPETH,0.48,0.92,1.16,1.29,1.42,1.58,1.62,1.67,1.71,1.77,1.44,1.47,1.52,1.59,1.6,1.64,1.68,1.74,1.78,1.82,1.86,1.89,1.92,1.95,1.97,2,2.01,2.03,2.02,2.03,2.04,2.05,2.05,2.02,NPgN
BREAMISH STREET,0,0.27,0.41,0.49,0.57,0.66,0.69,0.72,0.75,0.78,0.58,0.6,0.63,0.67,0.68,0.7,0.73,0.76,0.79,0.81,0.83,0.85,0.87,0.89,0.9,0.92,0.93,0.94,0.93,0.93,0.94,0.94,0.95,0.93,NPgN
BRENDA TRADING,0.5,0.93,1.17,1.29,1.42,1.57,1.62,1.66,1.71,1.76,1.44,1.47,1.52,1.58,1.59,1.64,1.68,1.73,1.77,1.81,1.85,1.88,1.91,1.93,1.96,1.98,2,2.01,2,2.01,2.02,2.03,2.03,2,NPgN
CAMPLESHON ROAD,0,0.36,0.55,0.66,0.76,0.89,0.92,0.96,1,1.04,0.78,0.8,0.84,0.9,0.91,0.94,0.97,1.02,1.05,1.08,1.11,1.14,1.17,1.19,1.21,1.23,1.24,1.25,1.24,1.25,1.26,1.27,1.27,1.24,NPgN
CARLEY HILL,0,0.37,0.58,0.69,0.8,0.93,0.97,1.01,1.04,1.09,0.82,0.84,0.88,0.94,0.95,0.98,1.02,1.06,1.1,1.13,1.17,1.19,1.22,1.24,1.26,1.28,1.3,1.31,1.3,1.31,1.32,1.32,1.33,1.3,NPgN
CARLIN HOW T3 T4,0,0.41,0.64,0.76,0.88,1.02,1.07,1.11,1.15,1.2,0.9,0.93,0.97,1.04,1.05,1.08,1.12,1.17,1.22,1.25,1.29,1.32,1.35,1.37,1.39,1.42,1.43,1.45,1.43,1.44,1.45,1.46,1.47,1.44,NPgN
CARR HILL,0,0.29,0.45,0.54,0.63,0.73,0.76,0.79,0.82,0.86,0.64,0.66,0.69,0.74,0.74,0.77,0.8,0.83,0.86,0.89,0.92,0.94,0.96,0.97,0.99,1.01,1.02,1.03,1.02,1.03,1.03,1.04,1.04,1.02,NPgN
CATTERICK CAMP,0,0.41,0.64,0.77,0.89,1.04,1.08,1.12,1.16,1.22,0.91,0.94,0.98,1.05,1.06,1.1,1.14,1.19,1.23,1.26,1.3,1.33,1.36,1.38,1.41,1.43,1.45,1.46,1.45,1.46,1.47,1.47,1.48,1.45,NPgN
CLOSE,0,0.65,1.02,1.21,1.41,1.63,1.7,1.77,1.83,1.92,1.43,1.47,1.55,1.65,1.66,1.73,1.79,1.87,1.93,1.99,2.05,2.09,2.14,2.18,2.22,2.25,2.27,2.3,2.28,2.29,2.3,2.32,2.33,2.27,NPgN
CONEYTHORPE,1.43,1.7,1.85,1.92,2.01,2.1,2.13,2.16,2.18,2.22,2.02,2.03,2.06,2.11,2.11,2.14,2.16,2.2,2.22,2.25,2.27,2.29,2.31,2.33,2.34,2.36,2.37,2.38,2.37,2.38,2.38,2.39,2.39,2.37,NPgN
CONSETT,1,1.51,1.79,1.93,2.09,2.26,2.31,2.37,2.42,2.48,2.11,2.14,2.2,2.28,2.29,2.34,2.38,2.45,2.5,2.54,2.59,2.62,2.66,2.69,2.72,2.74,2.76,2.78,2.77,2.78,2.79,2.8,2.81,2.77,NPgN
CORPORATION STREET,0.3,0.49,0.59,0.65,0.7,0.77,0.79,0.81,0.83,0.85,0.71,0.72,0.74,0.77,0.78,0.8,0.81,0.84,0.85,0.87,0.89,0.9,0.91,0.92,0.94,0.95,0.95,0.96,0.95,0.96,0.96,0.97,0.97,0.95,NPgN
COWTON,0,0.05,0.08,0.09,0.11,0.13,0.13,0.14,0.14,0.15,0.11,0.11,0.12,0.13,0.13,0.13,0.14,0.15,0.15,0.15,0.16,0.16,0.17,0.17,0.17,0.17,0.18,0.18,0.18,0.18,0.18,0.18,0.18,0.18,NPgN
CRAMLINGTON T1 T3,0,0.14,0.21,0.25,0.3,0.34,0.36,0.37,0.39,0.4,0.3,0.31,0.33,0.35,0.35,0.36,0.38,0.39,0.41,0.42,0.43,0.44,0.45,0.46,0.47,0.47,0.48,0.48,0.48,0.48,0.49,0.49,0.49,0.48,NPgN
CRAMLINGTON T2 T4,0,0.14,0.22,0.26,0.3,0.35,0.36,0.38,0.39,0.41,0.31,0.32,0.33,0.35,0.36,0.37,0.38,0.4,0.42,0.43,0.44,0.45,0.46,0.47,0.48,0.48,0.49,0.49,0.49,0.49,0.5,0.5,0.5,0.49,NPgN
DARLEY,0,0.17,0.27,0.32,0.37,0.43,0.45,0.47,0.49,0.51,0.38,0.39,0.41,0.44,0.44,0.46,0.48,0.5,0.52,0.53,0.55,0.56,0.57,0.58,0.59,0.6,0.61,0.61,0.61,0.61,0.62,0.62,0.62,0.61,NPgN
DARLINGTON 132/6KV,0,0.19,0.29,0.35,0.4,0.47,0.49,0.51,0.53,0.55,0.41,0.42,0.44,0.47,0.48,0.49,0.51,0.53,0.55,0.57,0.59,0.6,0.61,0.62,0.63,0.64,0.65,0.66,0.65,0.66,0.66,0.66,0.67,0.65,NPgN
DARLINGTON 33/11KV,0,0.53,0.83,0.98,1.14,1.33,1.38,1.44,1.49,1.56,1.17,1.2,1.26,1.34,1.36,1.41,1.46,1.52,1.57,1.62,1.67,1.71,1.75,1.78,1.81,1.83,1.86,1.87,1.86,1.87,1.88,1.89,1.9,1.86,NPgN
DARLINGTON CENTRAL 33/11KV,0,0.11,0.17,0.2,0.23,0.27,0.28,0.3,0.31,0.32,0.24,0.25,0.26,0.28,0.28,0.29,0.3,0.31,0.32,0.33,0.34,0.35,0.36,0.36,0.37,0.38,0.38,0.38,0.38,0.38,0.39,0.39,0.39,0.38,NPgN
DARLINGTON EAST,0,0.25,0.4,0.47,0.55,0.64,0.66,0.69,0.71,0.75,0.56,0.57,0.6,0.64,0.65,0.67,0.7,0.73,0.75,0.78,0.8,0.82,0.84,0.85,0.86,0.88,0.89,0.9,0.89,0.9,0.9,0.91,0.91,0.89,NPgN
DARLINGTON WEST,2.5,3.69,3.82,3.89,3.97,4.05,4.07,4.1,4.12,4.16,3.98,3.99,4.02,4.06,4.06,4.09,4.11,4.14,4.16,4.18,4.2,4.22,4.24,4.25,4.27,4.28,4.29,4.3,4.29,4.3,4.3,4.31,4.31,4.29,NPgN
DENWICK,0,0.75,1.16,1.38,1.6,1.86,1.94,2.02,2.09,2.19,1.64,1.68,1.77,1.88,1.9,1.97,2.04,2.13,2.21,2.27,2.34,2.39,2.45,2.49,2.53,2.57,2.6,2.63,2.6,2.62,2.63,2.65,2.66,2.6,NPgN
DUNSTON 66/11KV,0,0.28,0.44,0.52,0.61,0.71,0.74,0.77,0.8,0.83,0.62,0.64,0.67,0.71,0.72,0.75,0.78,0.81,0.84,0.86,0.89,0.91,0.93,0.94,0.96,0.98,0.99,1,0.99,1,1,1.01,1.01,0.99,NPgN
DUNSTON 66/20KV,0,0.28,0.44,0.52,0.61,0.7,0.73,0.77,0.79,0.83,0.62,0.64,0.67,0.71,0.72,0.75,0.77,0.81,0.84,0.86,0.89,0.91,0.93,0.94,0.96,0.97,0.99,1,0.99,0.99,1,1.01,1.01,0.99,NPgN
DURHAM EAST,0,0.41,0.65,0.77,0.89,1.04,1.08,1.13,1.17,1.22,0.91,0.94,0.98,1.05,1.06,1.1,1.14,1.19,1.23,1.26,1.3,1.33,1.36,1.38,1.41,1.43,1.45,1.46,1.45,1.46,1.47,1.47,1.48,1.45,NPgN
EASTFIELD,0,0.31,0.48,0.57,0.66,0.77,0.8,0.84,0.87,0.91,0.68,0.7,0.73,0.78,0.79,0.82,0.85,0.88,0.91,0.94,0.97,0.99,1.01,1.03,1.05,1.06,1.08,1.09,1.08,1.09,1.09,1.1,1.1,1.08,NPgN
EASTGATE CEMENT,0,0.16,0.25,0.3,0.35,0.41,0.42,0.44,0.46,0.48,0.36,0.37,0.39,0.41,0.42,0.43,0.45,0.47,0.48,0.5,0.51,0.52,0.54,0.55,0.55,0.56,0.57,0.58,0.57,0.57,0.58,0.58,0.58,0.57,NPgN
EDUCATIONAL PRECINCT,0,0.36,0.56,0.67,0.78,0.9,0.94,0.98,1.02,1.06,0.8,0.82,0.86,0.91,0.92,0.96,0.99,1.04,1.07,1.1,1.13,1.16,1.19,1.21,1.23,1.25,1.26,1.27,1.26,1.27,1.28,1.29,1.29,1.26,NPgN
ELVINGTON,0,0.17,0.26,0.31,0.36,0.42,0.44,0.46,0.47,0.49,0.37,0.38,0.4,0.43,0.43,0.45,0.46,0.48,0.5,0.51,0.53,0.54,0.55,0.56,0.57,0.58,0.59,0.59,0.59,0.59,0.6,0.6,0.6,0.59,NPgN
FARADAY STREET,4.92,5.46,5.76,5.92,6.08,6.27,6.32,6.38,6.43,6.5,6.11,6.14,6.2,6.28,6.29,6.35,6.4,6.46,6.52,6.56,6.61,6.65,6.69,6.72,6.75,6.78,6.8,6.82,6.8,6.82,6.83,6.84,6.85,6.81,NPgN
FAWDON T1,2.09,2.24,2.32,2.37,2.41,2.46,2.48,2.5,2.51,2.53,2.42,2.43,2.44,2.47,2.47,2.49,2.5,2.52,2.53,2.55,2.56,2.57,2.58,2.59,2.6,2.61,2.61,2.62,2.61,2.62,2.62,2.62,2.63,2.61,NPgN
FISHBURN,4.3,4.63,4.82,4.92,5.02,5.14,5.17,5.21,5.24,5.28,5.03,5.05,5.09,5.14,5.15,5.18,5.22,5.26,5.29,5.32,5.35,5.37,5.4,5.42,5.44,5.45,5.47,5.48,5.47,5.48,5.48,5.49,5.5,5.47,NPgN
FLATWORTH CENTRAL,0,0.23,0.36,0.43,0.5,0.58,0.6,0.62,0.65,0.68,0.51,0.52,0.55,0.58,0.59,0.61,0.63,0.66,0.68,0.7,0.72,0.74,0.76,0.77,0.78,0.79,0.8,0.81,0.8,0.81,0.81,0.82,0.82,0.8,NPgN
FOSS ISLANDS,0,0.78,1.21,1.44,1.68,1.95,2.03,2.11,2.19,2.29,1.71,1.76,1.85,1.97,1.99,2.06,2.13,2.23,2.31,2.37,2.44,2.5,2.56,2.6,2.65,2.68,2.72,2.74,2.72,2.74,2.75,2.77,2.78,2.72,NPgN
FOSSWAY 33/11KV,0.86,1.28,1.51,1.63,1.76,1.91,1.95,2,2.04,2.09,1.78,1.81,1.85,1.92,1.93,1.97,2.01,2.06,2.1,2.14,2.18,2.21,2.24,2.26,2.29,2.31,2.33,2.34,2.33,2.34,2.35,2.35,2.36,2.33,NPgN
FOURSTONES 20KV,0,0.54,0.84,1,1.17,1.35,1.41,1.47,1.52,1.59,1.19,1.22,1.28,1.37,1.38,1.43,1.48,1.55,1.6,1.65,1.7,1.74,1.78,1.81,1.84,1.87,1.89,1.91,1.89,1.9,1.91,1.92,1.93,1.89,NPgN
FYLANDS BRIDGE,0,0.31,0.49,0.58,0.67,0.78,0.81,0.85,0.88,0.92,0.69,0.71,0.74,0.79,0.8,0.83,0.86,0.9,0.93,0.95,0.98,1,1.03,1.04,1.06,1.08,1.09,1.1,1.09,1.1,1.11,1.11,1.12,1.1,NPgN
GALE LANE,2.85,2.99,3.07,3.12,3.16,3.21,3.22,3.24,3.25,3.27,3.17,3.17,3.19,3.21,3.22,3.23,3.24,3.26,3.28,3.29,3.3,3.31,3.32,3.33,3.34,3.35,3.35,3.36,3.35,3.36,3.36,3.36,3.36,3.35,NPgN
GARWOOD STREET,0,0.52,0.82,0.97,1.13,1.31,1.36,1.42,1.47,1.54,1.15,1.18,1.24,1.32,1.34,1.39,1.44,1.5,1.55,1.6,1.65,1.68,1.72,1.75,1.78,1.81,1.83,1.85,1.83,1.84,1.86,1.86,1.87,1.83,NPgN
GATESHEAD CENTRAL,0,0.3,0.46,0.55,0.64,0.74,0.77,0.81,0.84,0.87,0.65,0.67,0.71,0.75,0.76,0.79,0.82,0.85,0.88,0.91,0.93,0.96,0.98,0.99,1.01,1.03,1.04,1.05,1.04,1.05,1.05,1.06,1.06,1.04,NPgN
GATESHEAD EAST,0,0.06,0.1,0.12,0.13,0.16,0.16,0.17,0.17,0.18,0.14,0.14,0.15,0.16,0.16,0.16,0.17,0.18,0.18,0.19,0.2,0.2,0.2,0.21,0.21,0.21,0.22,0.22,0.22,0.22,0.22,0.22,0.22,0.22,NPgN
GOSFORTH 33/11KV,0,0.23,0.36,0.42,0.5,0.57,0.6,0.62,0.65,0.68,0.51,0.52,0.54,0.58,0.59,0.61,0.63,0.66,0.68,0.7,0.72,0.74,0.75,0.77,0.78,0.79,0.8,0.81,0.8,0.81,0.81,0.82,0.82,0.8,NPgN
GRANGETOWN,0.29,0.6,0.77,0.86,0.95,1.06,1.09,1.13,1.16,1.2,0.97,0.99,1.02,1.07,1.08,1.11,1.14,1.17,1.21,1.23,1.26,1.28,1.3,1.32,1.34,1.36,1.37,1.38,1.37,1.38,1.38,1.39,1.4,1.37,NPgN
GREATHAM,16.42,16.54,16.61,16.64,16.68,16.72,16.73,16.74,16.75,16.77,16.68,16.69,16.7,16.72,16.72,16.73,16.74,16.76,16.77,16.78,16.79,16.8,16.81,16.81,16.82,16.83,16.83,16.84,16.83,16.83,16.84,16.84,16.84,16.83,NPgN
GUISBOROUGH T1 T2,0.39,0.83,1.07,1.2,1.33,1.48,1.52,1.57,1.61,1.67,1.35,1.37,1.42,1.49,1.5,1.54,1.58,1.64,1.68,1.72,1.76,1.79,1.82,1.85,1.87,1.89,1.91,1.93,1.91,1.92,1.93,1.94,1.95,1.92,NPgN
HARLOW GREEN,0,0.7,0.84,0.91,0.99,1.08,1.1,1.13,1.15,1.19,1,1.02,1.04,1.08,1.09,1.11,1.14,1.17,1.19,1.22,1.24,1.26,1.27,1.29,1.3,1.32,1.33,1.34,1.33,1.33,1.34,1.34,1.35,1.33,NPgN
HARMIRE BRIDGE,2.18,2.63,2.88,3.01,3.15,3.3,3.35,3.4,3.44,3.5,3.17,3.19,3.24,3.31,3.33,3.37,3.41,3.47,3.51,3.55,3.59,3.62,3.66,3.68,3.71,3.73,3.75,3.77,3.75,3.76,3.77,3.78,3.79,3.75,NPgN
HARRATON,0,0.29,0.46,0.54,0.63,0.73,0.76,0.8,0.82,0.86,0.65,0.66,0.7,0.74,0.75,0.78,0.8,0.84,0.87,0.89,0.92,0.94,0.96,0.98,1,1.01,1.02,1.03,1.02,1.03,1.04,1.04,1.05,1.02,NPgN
HARROGATE 132/11KV,0,0.8,1.25,1.48,1.73,2.01,2.09,2.18,2.26,2.36,1.77,1.81,1.9,2.03,2.05,2.12,2.2,2.3,2.38,2.45,2.52,2.58,2.64,2.68,2.73,2.77,2.8,2.83,2.81,2.83,2.84,2.86,2.87,2.81,NPgN
HARROGATE WEST,0,0.31,0.47,0.56,0.66,0.76,0.79,0.83,0.86,0.9,0.67,0.69,0.72,0.77,0.78,0.81,0.84,0.87,0.9,0.93,0.96,0.98,1,1.02,1.04,1.05,1.06,1.07,1.06,1.07,1.08,1.08,1.09,1.06,NPgN
HARTMOOR 66/20KV,0,0.5,0.78,0.92,1.08,1.25,1.3,1.36,1.4,1.47,1.1,1.13,1.18,1.26,1.28,1.32,1.37,1.43,1.48,1.52,1.57,1.61,1.64,1.67,1.7,1.73,1.75,1.76,1.75,1.76,1.77,1.78,1.79,1.75,NPgN
HAWTHORN PIT,0,0.4,0.62,0.74,0.86,0.99,1.03,1.08,1.12,1.17,0.87,0.9,0.94,1,1.01,1.05,1.09,1.14,1.18,1.21,1.25,1.28,1.31,1.33,1.35,1.37,1.39,1.4,1.39,1.4,1.41,1.42,1.42,1.39,NPgN
HAXBY ROAD T2 T3,0,0.22,0.34,0.4,0.46,0.54,0.56,0.58,0.61,0.63,0.47,0.49,0.51,0.54,0.55,0.57,0.59,0.62,0.64,0.66,0.68,0.69,0.71,0.72,0.73,0.74,0.75,0.76,0.75,0.76,0.76,0.77,0.77,0.76,NPgN
HEBBURN,0,0.12,0.19,0.23,0.26,0.31,0.32,0.33,0.34,0.36,0.27,0.28,0.29,0.31,0.31,0.32,0.33,0.35,0.36,0.37,0.38,0.39,0.4,0.41,0.41,0.42,0.43,0.43,0.43,0.43,0.43,0.43,0.44,0.43,NPgN
HEBBURN WEST,0,0.02,0.03,0.03,0.04,0.04,0.04,0.04,0.05,0.05,0.04,0.04,0.04,0.04,0.04,0.04,0.04,0.05,0.05,0.05,0.05,0.05,0.05,0.05,0.06,0.06,0.06,0.06,0.06,0.06,0.06,0.06,0.06,0.06,NPgN
HEDWORTH,0,0.16,0.24,0.29,0.34,0.39,0.41,0.42,0.44,0.46,0.34,0.35,0.37,0.39,0.4,0.41,0.43,0.45,0.46,0.48,0.49,0.5,0.51,0.52,0.53,0.54,0.55,0.55,0.55,0.55,0.55,0.56,0.56,0.55,NPgN
HEIGHINGTON,2.28,2.32,2.35,2.36,2.37,2.39,2.39,2.4,2.4,2.41,2.38,2.38,2.38,2.39,2.39,2.4,2.4,2.4,2.41,2.41,2.42,2.42,2.42,2.43,2.43,2.43,2.43,2.43,2.43,2.43,2.43,2.43,2.44,2.43,NPgN
HEXHAM,2.5,2.87,3.08,3.19,3.31,3.43,3.47,3.51,3.55,3.6,3.32,3.34,3.39,3.44,3.45,3.49,3.52,3.57,3.61,3.64,3.67,3.7,3.73,3.75,3.77,3.79,3.81,3.82,3.81,3.82,3.82,3.83,3.84,3.81,NPgN
HIGH BARMSTON,0,0.29,0.44,0.53,0.61,0.71,0.74,0.77,0.8,0.84,0.63,0.64,0.68,0.72,0.73,0.75,0.78,0.82,0.84,0.87,0.89,0.92,0.94,0.95,0.97,0.98,0.99,1,1,1,1.01,1.01,1.02,1,NPgN
HIGH FLATTS,0,0.34,0.53,0.63,0.74,0.86,0.89,0.93,0.96,1.01,0.75,0.77,0.81,0.87,0.87,0.91,0.94,0.98,1.02,1.05,1.08,1.1,1.13,1.15,1.17,1.18,1.2,1.21,1.2,1.21,1.22,1.22,1.23,1.2,NPgN
HOUGHTON,3.9,4.19,4.35,4.43,4.52,4.62,4.65,4.68,4.71,4.75,4.53,4.55,4.58,4.63,4.64,4.66,4.69,4.73,4.76,4.78,4.81,4.83,4.85,4.87,4.88,4.9,4.91,4.92,4.91,4.92,4.93,4.93,4.94,4.91,NPgN
HOWDON,5.7,5.8,5.86,5.88,5.91,5.95,5.96,5.97,5.98,5.99,5.92,5.93,5.94,5.95,5.95,5.96,5.97,5.99,6,6,6.01,6.02,6.03,6.03,6.04,6.04,6.05,6.05,6.05,6.05,6.05,6.05,6.06,6.05,NPgN
HUNTINGTON NEW LANE,0,0.24,0.38,0.45,0.52,0.61,0.63,0.66,0.68,0.71,0.53,0.55,0.57,0.61,0.62,0.64,0.66,0.69,0.72,0.74,0.76,0.78,0.8,0.81,0.82,0.84,0.85,0.85,0.85,0.85,0.86,0.86,0.87,0.85,NPgN
HUSTHWAITE 33/11KV,2,2.38,2.59,2.7,2.82,2.95,2.99,3.03,3.07,3.12,2.84,2.86,2.9,2.96,2.97,3.01,3.04,3.09,3.13,3.16,3.2,3.22,3.25,3.27,3.3,3.31,3.33,3.34,3.33,3.34,3.35,3.36,3.36,3.33,NPgN
JARROW,0,0.11,0.17,0.2,0.23,0.27,0.28,0.29,0.3,0.32,0.24,0.24,0.26,0.27,0.28,0.29,0.3,0.31,0.32,0.33,0.34,0.35,0.36,0.36,0.37,0.37,0.38,0.38,0.38,0.38,0.38,0.38,0.39,0.38,NPgN
KENTON,0.8,1,1.11,1.17,1.23,1.29,1.32,1.34,1.36,1.38,1.24,1.25,1.27,1.3,1.31,1.32,1.34,1.37,1.39,1.4,1.42,1.44,1.45,1.46,1.47,1.48,1.49,1.5,1.49,1.5,1.5,1.51,1.51,1.49,NPgN
KIELDER,0,0.05,0.08,0.09,0.11,0.13,0.13,0.14,0.14,0.15,0.11,0.11,0.12,0.13,0.13,0.13,0.14,0.14,0.15,0.15,0.16,0.16,0.16,0.17,0.17,0.17,0.18,0.18,0.18,0.18,0.18,0.18,0.18,0.18,NPgN
KILLINGWORTH,5.7,5.88,5.98,6.04,6.09,6.16,6.17,6.19,6.21,6.24,6.1,6.11,6.13,6.16,6.17,6.18,6.2,6.22,6.24,6.26,6.27,6.29,6.3,6.31,6.32,6.33,6.34,6.34,6.34,6.34,6.35,6.35,6.35,6.34,NPgN
KIRBYMOORSIDE,0,0.35,0.54,0.64,0.75,0.87,0.9,0.94,0.97,1.02,0.76,0.78,0.82,0.88,0.88,0.92,0.95,0.99,1.03,1.06,1.09,1.11,1.14,1.16,1.18,1.19,1.21,1.22,1.21,1.22,1.23,1.23,1.24,1.21,NPgN
LINTON 66/20KV,0,0.2,0.31,0.36,0.42,0.49,0.51,0.53,0.55,0.58,0.43,0.44,0.46,0.5,0.5,0.52,0.54,0.56,0.58,0.6,0.62,0.63,0.64,0.65,0.67,0.68,0.68,0.69,0.68,0.69,0.69,0.7,0.7,0.69,NPgN
LONGBENTON,1.55,1.78,1.9,1.97,2.04,2.11,2.14,2.16,2.18,2.21,2.05,2.06,2.08,2.12,2.13,2.15,2.17,2.2,2.22,2.24,2.26,2.28,2.29,2.3,2.32,2.33,2.34,2.35,2.34,2.35,2.35,2.35,2.36,2.34,NPgN
LOW SPENNYMOOR,0,0.17,0.27,0.32,0.37,0.43,0.45,0.46,0.48,0.5,0.38,0.39,0.41,0.43,0.44,0.45,0.47,0.49,0.51,0.52,0.54,0.55,0.56,0.57,0.58,0.59,0.6,0.61,0.6,0.6,0.61,0.61,0.61,0.6,NPgN
LYNEMOUTH,0,0.03,0.05,0.06,0.07,0.08,0.08,0.08,0.09,0.09,0.07,0.07,0.07,0.08,0.08,0.08,0.08,0.09,0.09,0.09,0.1,0.1,0.1,0.1,0.1,0.11,0.11,0.11,0.11,0.11,0.11,0.11,0.11,0.11,NPgN
MADDISON STREET,0,0.35,0.54,0.64,0.74,0.86,0.9,0.94,0.97,1.01,0.76,0.78,0.82,0.87,0.88,0.91,0.95,0.99,1.02,1.05,1.08,1.11,1.13,1.15,1.17,1.19,1.21,1.22,1.21,1.22,1.22,1.23,1.24,1.21,NPgN
MALLEABLE,0.5,0.93,1.17,1.29,1.42,1.57,1.62,1.67,1.71,1.76,1.44,1.47,1.52,1.58,1.6,1.64,1.68,1.73,1.77,1.81,1.85,1.88,1.91,1.93,1.96,1.98,2,2.01,2,2.01,2.02,2.03,2.03,2,NPgN
MALTON,0,0.61,0.95,1.13,1.32,1.53,1.59,1.66,1.72,1.8,1.35,1.38,1.45,1.55,1.56,1.62,1.68,1.75,1.82,1.87,1.92,1.97,2.01,2.05,2.08,2.11,2.14,2.16,2.14,2.15,2.17,2.18,2.19,2.14,NPgN
MEADOWFIELD,0,0.18,0.28,0.33,0.39,0.45,0.47,0.49,0.51,0.53,0.4,0.41,0.43,0.45,0.46,0.48,0.49,0.52,0.53,0.55,0.57,0.58,0.59,0.6,0.61,0.62,0.63,0.63,0.63,0.63,0.64,0.64,0.64,0.63,NPgN
MELROSEGATE 33/11KV,0,0.2,0.32,0.37,0.44,0.51,0.53,0.55,0.57,0.6,0.45,0.46,0.48,0.51,0.52,0.54,0.56,0.58,0.6,0.62,0.64,0.65,0.67,0.68,0.69,0.7,0.71,0.72,0.71,0.71,0.72,0.72,0.73,0.71,NPgN
MILLBANK LANE,0,0.2,0.32,0.37,0.44,0.51,0.53,0.55,0.57,0.6,0.45,0.46,0.48,0.51,0.52,0.54,0.56,0.58,0.6,0.62,0.64,0.65,0.67,0.68,0.69,0.7,0.71,0.72,0.71,0.71,0.72,0.72,0.73,0.71,NPgN
MONKSEATON,0,0.37,0.58,0.69,0.8,0.93,0.97,1.01,1.04,1.09,0.82,0.84,0.88,0.94,0.95,0.98,1.02,1.06,1.1,1.13,1.17,1.19,1.22,1.24,1.26,1.28,1.3,1.31,1.3,1.31,1.32,1.32,1.33,1.3,NPgN
MOOR MONKTON PUMPS,1.5,1.54,1.56,1.57,1.58,1.59,1.6,1.6,1.61,1.61,1.58,1.58,1.59,1.59,1.6,1.6,1.6,1.61,1.61,1.61,1.62,1.62,1.62,1.63,1.63,1.63,1.63,1.63,1.63,1.63,1.63,1.63,1.63,1.63,NPgN
MORPETH,0,0.44,0.69,0.82,0.96,1.11,1.15,1.2,1.25,1.3,0.98,1,1.05,1.12,1.13,1.17,1.22,1.27,1.32,1.35,1.39,1.43,1.46,1.48,1.51,1.53,1.55,1.56,1.55,1.56,1.57,1.58,1.59,1.55,NPgN
MOUNT ROAD,1.2,1.68,1.95,2.09,2.24,2.41,2.45,2.51,2.56,2.62,2.26,2.29,2.34,2.42,2.43,2.48,2.52,2.58,2.63,2.67,2.72,2.75,2.79,2.81,2.84,2.87,2.89,2.9,2.89,2.9,2.91,2.92,2.93,2.89,NPgN
NEWBURN HAUGH,0,0.12,0.19,0.22,0.26,0.3,0.31,0.33,0.34,0.35,0.26,0.27,0.28,0.3,0.31,0.32,0.33,0.34,0.36,0.37,0.38,0.39,0.39,0.4,0.41,0.41,0.42,0.42,0.42,0.42,0.43,0.43,0.43,0.42,NPgN
NEWBY,2.4,2.59,2.7,2.75,2.81,2.88,2.9,2.92,2.94,2.96,2.82,2.83,2.85,2.88,2.89,2.91,2.92,2.95,2.97,2.98,3,3.02,3.03,3.04,3.05,3.06,3.07,3.08,3.07,3.07,3.08,3.08,3.09,3.07,NPgN
NEWCASTLE AIRPORT,0,0.14,0.22,0.27,0.31,0.36,0.37,0.39,0.4,0.42,0.32,0.32,0.34,0.36,0.37,0.38,0.39,0.41,0.43,0.44,0.45,0.46,0.47,0.48,0.49,0.5,0.5,0.51,0.5,0.51,0.51,0.51,0.51,0.5,NPgN
NEWTON AYCLIFFE SOUTH,8.95,9.04,9.09,9.11,9.14,9.17,9.18,9.19,9.2,9.21,9.15,9.15,9.16,9.18,9.18,9.19,9.2,9.21,9.22,9.22,9.23,9.24,9.24,9.25,9.25,9.26,9.26,9.27,9.26,9.26,9.27,9.27,9.27,9.26,NPgN
NORTH STREET,0,0.66,1.02,1.21,1.41,1.64,1.71,1.78,1.84,1.93,1.44,1.48,1.56,1.66,1.67,1.74,1.8,1.88,1.94,2,2.06,2.11,2.16,2.19,2.23,2.26,2.29,2.31,2.29,2.31,2.32,2.34,2.35,2.29,NPgN
NORTH TEES T1 T2,0,0.48,0.75,0.89,1.04,1.21,1.25,1.31,1.36,1.42,1.06,1.09,1.14,1.22,1.23,1.28,1.32,1.38,1.43,1.47,1.51,1.55,1.58,1.61,1.64,1.66,1.68,1.7,1.68,1.69,1.7,1.71,1.72,1.68,NPgN
NORTH TEES T3 T4,3.37,3.78,4.01,4.13,4.26,4.4,4.44,4.49,4.53,4.58,4.28,4.3,4.35,4.41,4.42,4.46,4.5,4.55,4.59,4.63,4.66,4.69,4.72,4.74,4.77,4.79,4.81,4.82,4.81,4.82,4.83,4.83,4.84,4.81,NPgN
NORTHALLERTON,0.26,0.75,1.02,1.16,1.31,1.48,1.53,1.59,1.63,1.7,1.34,1.36,1.42,1.49,1.51,1.55,1.6,1.66,1.71,1.75,1.79,1.83,1.86,1.89,1.92,1.94,1.96,1.98,1.97,1.98,1.99,2,2,1.97,NPgN
NORTON 132/11KV,0.29,0.64,0.83,0.93,1.04,1.16,1.2,1.23,1.27,1.31,1.05,1.08,1.11,1.17,1.18,1.21,1.24,1.29,1.32,1.35,1.38,1.41,1.44,1.46,1.48,1.49,1.51,1.52,1.51,1.52,1.53,1.53,1.54,1.51,NPgN
OATLANDS,0,0.17,0.26,0.31,0.37,0.43,0.44,0.46,0.48,0.5,0.37,0.38,0.4,0.43,0.43,0.45,0.47,0.49,0.5,0.52,0.53,0.55,0.56,0.57,0.58,0.59,0.59,0.6,0.59,0.6,0.6,0.61,0.61,0.6,NPgN
OFFERTON 33/11KV,0,0.2,0.31,0.36,0.42,0.49,0.51,0.54,0.55,0.58,0.43,0.45,0.47,0.5,0.5,0.52,0.54,0.57,0.59,0.6,0.62,0.63,0.65,0.66,0.67,0.68,0.69,0.7,0.69,0.7,0.7,0.7,0.71,0.69,NPgN
PALLION TRADING,0,0.29,0.44,0.53,0.61,0.71,0.74,0.77,0.8,0.84,0.63,0.65,0.68,0.72,0.73,0.76,0.78,0.82,0.85,0.87,0.9,0.92,0.94,0.95,0.97,0.99,1,1.01,1,1.01,1.01,1.02,1.02,1,NPgN
PETERLEE INDUSTRIAL,0,0.04,0.07,0.08,0.09,0.1,0.11,0.11,0.12,0.12,0.09,0.09,0.1,0.11,0.11,0.11,0.11,0.12,0.12,0.13,0.13,0.13,0.14,0.14,0.14,0.14,0.15,0.15,0.15,0.15,0.15,0.15,0.15,0.15,NPgN
PETERLEE WEST,0.35,0.45,0.51,0.54,0.57,0.61,0.62,0.63,0.64,0.66,0.58,0.59,0.6,0.61,0.62,0.63,0.64,0.65,0.66,0.67,0.68,0.69,0.69,0.7,0.71,0.71,0.72,0.72,0.72,0.72,0.72,0.72,0.73,0.72,NPgN
PILGRIM,0,0.36,0.56,0.66,0.77,0.9,0.94,0.98,1.01,1.06,0.79,0.81,0.85,0.91,0.92,0.95,0.98,1.03,1.06,1.1,1.13,1.15,1.18,1.2,1.22,1.24,1.25,1.27,1.25,1.26,1.27,1.28,1.28,1.25,NPgN
POTTER HOUSE T1 T3,0,0.25,0.4,0.47,0.55,0.64,0.66,0.69,0.71,0.75,0.56,0.57,0.6,0.64,0.65,0.67,0.7,0.73,0.75,0.78,0.8,0.82,0.84,0.85,0.87,0.88,0.89,0.9,0.89,0.9,0.9,0.91,0.91,0.89,NPgN
POTTER HOUSE T4 T5,0,0.1,0.15,0.18,0.21,0.24,0.25,0.26,0.27,0.29,0.21,0.22,0.23,0.25,0.25,0.26,0.27,0.28,0.29,0.3,0.31,0.31,0.32,0.33,0.33,0.34,0.34,0.34,0.34,0.34,0.34,0.35,0.35,0.34,NPgN
PRISSICK,0,0.19,0.29,0.35,0.41,0.47,0.49,0.51,0.53,0.56,0.42,0.43,0.45,0.48,0.48,0.5,0.52,0.54,0.56,0.58,0.59,0.61,0.62,0.63,0.64,0.65,0.66,0.67,0.66,0.67,0.67,0.67,0.68,0.66,NPgN
RAVENSCAR,0,0.06,0.09,0.11,0.13,0.15,0.15,0.16,0.17,0.17,0.13,0.13,0.14,0.15,0.15,0.16,0.16,0.17,0.18,0.18,0.19,0.19,0.2,0.2,0.2,0.21,0.21,0.21,0.21,0.21,0.21,0.21,0.21,0.21,NPgN
RAWCLIFFE LANE,0,0.3,0.47,0.56,0.66,0.76,0.79,0.83,0.85,0.89,0.67,0.69,0.72,0.77,0.78,0.8,0.83,0.87,0.9,0.93,0.95,0.98,1,1.02,1.03,1.05,1.06,1.07,1.06,1.07,1.08,1.08,1.09,1.06,NPgN
REDCAR,0,0.57,0.88,1.04,1.22,1.41,1.47,1.53,1.59,1.66,1.24,1.28,1.34,1.43,1.44,1.5,1.55,1.62,1.67,1.72,1.77,1.82,1.86,1.89,1.92,1.95,1.97,1.99,1.98,1.99,2,2.01,2.02,1.98,NPgN
RESERVOIR,0,0.39,0.6,0.71,0.83,0.96,1,1.05,1.08,1.13,0.85,0.87,0.91,0.98,0.98,1.02,1.06,1.11,1.14,1.18,1.21,1.24,1.27,1.29,1.31,1.33,1.35,1.36,1.35,1.36,1.37,1.37,1.38,1.35,NPgN
RICHMOND T1,0,0.21,0.33,0.39,0.46,0.53,0.55,0.57,0.59,0.62,0.47,0.48,0.5,0.53,0.54,0.56,0.58,0.61,0.63,0.64,0.66,0.68,0.69,0.71,0.72,0.73,0.74,0.75,0.74,0.74,0.75,0.75,0.76,0.74,NPgN
RICHMOND T2,0.95,1.03,1.07,1.09,1.12,1.14,1.15,1.16,1.17,1.18,1.12,1.12,1.13,1.14,1.15,1.15,1.16,1.17,1.18,1.18,1.19,1.2,1.2,1.21,1.21,1.22,1.22,1.22,1.22,1.22,1.22,1.22,1.23,1.22,NPgN
RIPON,0,0.56,0.87,1.03,1.2,1.39,1.45,1.51,1.56,1.64,1.22,1.26,1.32,1.41,1.42,1.47,1.53,1.59,1.65,1.7,1.75,1.79,1.83,1.86,1.89,1.92,1.94,1.96,1.94,1.96,1.97,1.98,1.99,1.95,NPgN
RISE CARR,0,0.25,0.39,0.46,0.53,0.62,0.64,0.67,0.7,0.73,0.54,0.56,0.59,0.63,0.63,0.66,0.68,0.71,0.73,0.76,0.78,0.8,0.81,0.83,0.84,0.85,0.87,0.87,0.87,0.87,0.88,0.88,0.89,0.87,NPgN
ROMANBY,0,0.05,0.08,0.09,0.11,0.13,0.13,0.14,0.14,0.15,0.11,0.12,0.12,0.13,0.13,0.14,0.14,0.15,0.15,0.16,0.16,0.16,0.17,0.17,0.17,0.18,0.18,0.18,0.18,0.18,0.18,0.18,0.18,0.18,NPgN
RUDBY,0,0.13,0.2,0.23,0.27,0.32,0.33,0.34,0.36,0.37,0.28,0.29,0.3,0.32,0.32,0.33,0.35,0.36,0.37,0.39,0.4,0.41,0.42,0.42,0.43,0.44,0.44,0.45,0.44,0.44,0.45,0.45,0.45,0.44,NPgN
SCARBOROUGH 33/11KV,1.5,2.16,2.53,2.72,2.92,3.15,3.22,3.29,3.35,3.44,2.95,2.99,3.06,3.17,3.18,3.24,3.31,3.39,3.45,3.51,3.57,3.62,3.67,3.7,3.74,3.77,3.8,3.83,3.8,3.82,3.83,3.85,3.86,3.8,NPgN
SEATON BURN T1,0,0.19,0.29,0.35,0.41,0.47,0.49,0.51,0.53,0.55,0.42,0.43,0.45,0.48,0.48,0.5,0.52,0.54,0.56,0.58,0.59,0.61,0.62,0.63,0.64,0.65,0.66,0.67,0.66,0.66,0.67,0.67,0.68,0.66,NPgN
SEGHILL,3.8,3.99,4.09,4.15,4.21,4.27,4.29,4.31,4.33,4.35,4.21,4.23,4.25,4.28,4.28,4.3,4.32,4.34,4.36,4.37,4.39,4.41,4.42,4.43,4.44,4.45,4.46,4.46,4.46,4.46,4.47,4.47,4.47,4.46,NPgN
SESSAY BRIDGE_SOWERBY,0.48,0.67,0.78,0.84,0.9,0.96,0.98,1.01,1.03,1.05,0.91,0.92,0.94,0.97,0.97,0.99,1.01,1.04,1.06,1.07,1.09,1.1,1.12,1.13,1.14,1.15,1.16,1.17,1.16,1.16,1.17,1.17,1.17,1.16,NPgN
SEVERUS HILL,0,0.26,0.41,0.48,0.56,0.65,0.68,0.71,0.73,0.77,0.57,0.59,0.62,0.66,0.66,0.69,0.71,0.75,0.77,0.79,0.82,0.84,0.86,0.87,0.89,0.9,0.91,0.92,0.91,0.92,0.92,0.93,0.93,0.91,NPgN
SHERIFF HUTTON,0,0.32,0.5,0.6,0.69,0.8,0.84,0.87,0.91,0.95,0.71,0.73,0.76,0.81,0.82,0.85,0.88,0.92,0.95,0.98,1.01,1.03,1.06,1.08,1.09,1.11,1.12,1.14,1.12,1.13,1.14,1.15,1.15,1.12,NPgN
SHOTTON,0,0.25,0.39,0.46,0.54,0.62,0.65,0.68,0.7,0.73,0.55,0.56,0.59,0.63,0.64,0.66,0.68,0.71,0.74,0.76,0.78,0.8,0.82,0.83,0.85,0.86,0.87,0.88,0.87,0.88,0.88,0.89,0.89,0.87,NPgN
SIMONSIDE,0,0.21,0.33,0.39,0.45,0.53,0.55,0.57,0.59,0.62,0.46,0.48,0.5,0.53,0.54,0.56,0.58,0.6,0.63,0.64,0.66,0.68,0.69,0.71,0.72,0.73,0.74,0.74,0.74,0.74,0.75,0.75,0.75,0.74,NPgN
SKELDERGATE,0,0.45,0.7,0.83,0.96,1.12,1.16,1.22,1.26,1.32,0.98,1.01,1.06,1.13,1.14,1.18,1.23,1.28,1.33,1.37,1.41,1.44,1.47,1.5,1.52,1.54,1.56,1.58,1.56,1.57,1.58,1.59,1.6,1.56,NPgN
SKERNESIDE,1.66,2.06,2.27,2.39,2.51,2.64,2.68,2.73,2.77,2.82,2.53,2.55,2.59,2.65,2.66,2.7,2.74,2.79,2.83,2.86,2.89,2.92,2.95,2.97,3,3.02,3.03,3.05,3.03,3.04,3.05,3.06,3.07,3.04,NPgN
SPADEADAM 20KV,0,0.17,0.26,0.31,0.37,0.42,0.44,0.46,0.48,0.5,0.37,0.38,0.4,0.43,0.43,0.45,0.47,0.49,0.5,0.52,0.53,0.55,0.56,0.57,0.58,0.59,0.59,0.6,0.59,0.6,0.6,0.6,0.61,0.59,NPgN
SPENCERBECK,5.1,5.56,5.81,5.95,6.09,6.25,6.29,6.34,6.39,6.45,6.11,6.14,6.19,6.26,6.27,6.31,6.36,6.41,6.46,6.5,6.54,6.57,6.61,6.63,6.66,6.68,6.7,6.72,6.7,6.71,6.72,6.73,6.74,6.7,NPgN
SPENNYMOOR 66/20KV,0.57,0.89,1.07,1.17,1.27,1.38,1.41,1.45,1.48,1.52,1.28,1.3,1.34,1.39,1.4,1.43,1.46,1.5,1.53,1.56,1.59,1.61,1.63,1.65,1.67,1.69,1.7,1.71,1.7,1.71,1.72,1.72,1.73,1.7,NPgN
STARBECK,0.4,0.83,1.07,1.19,1.32,1.47,1.52,1.56,1.61,1.66,1.34,1.37,1.42,1.48,1.49,1.53,1.58,1.63,1.67,1.71,1.75,1.78,1.81,1.83,1.86,1.88,1.9,1.91,1.9,1.91,1.92,1.93,1.93,1.9,NPgN
STOKESLEY,3.8,4.03,4.15,4.22,4.29,4.36,4.39,4.41,4.43,4.46,4.3,4.31,4.33,4.37,4.38,4.4,4.42,4.45,4.47,4.49,4.51,4.52,4.54,4.55,4.57,4.58,4.59,4.59,4.59,4.59,4.6,4.6,4.6,4.59,NPgN
STONEY CUT,0,0.3,0.47,0.55,0.64,0.75,0.78,0.81,0.84,0.88,0.66,0.68,0.71,0.76,0.76,0.79,0.82,0.86,0.89,0.91,0.94,0.96,0.98,1,1.02,1.03,1.05,1.06,1.05,1.05,1.06,1.07,1.07,1.05,NPgN
SUNDERLAND T1 T2,0,0.61,0.96,1.13,1.32,1.53,1.6,1.66,1.72,1.8,1.35,1.39,1.45,1.55,1.56,1.62,1.68,1.76,1.82,1.87,1.92,1.97,2.01,2.05,2.08,2.12,2.14,2.16,2.14,2.16,2.17,2.18,2.19,2.14,NPgN
TANFIELD,0,0.25,0.39,0.46,0.53,0.62,0.64,0.67,0.7,0.73,0.54,0.56,0.59,0.63,0.63,0.66,0.68,0.71,0.73,0.76,0.78,0.8,0.81,0.83,0.84,0.86,0.87,0.88,0.87,0.87,0.88,0.88,0.89,0.87,NPgN
TEAM VALLEY,0,0.42,0.65,0.78,0.91,1.05,1.09,1.14,1.18,1.24,0.92,0.95,1,1.06,1.07,1.11,1.15,1.2,1.25,1.28,1.32,1.35,1.38,1.4,1.43,1.45,1.47,1.48,1.47,1.48,1.49,1.49,1.5,1.47,NPgN
TEES INDUSTRIAL T1 T2,0,0.01,0.02,0.03,0.03,0.03,0.04,0.04,0.04,0.04,0.03,0.03,0.03,0.03,0.03,0.04,0.04,0.04,0.04,0.04,0.04,0.04,0.04,0.05,0.05,0.05,0.05,0.05,0.05,0.05,0.05,0.05,0.05,0.05,NPgN
TEMPLE PARK,0,0.24,0.37,0.44,0.51,0.59,0.62,0.64,0.67,0.7,0.52,0.54,0.56,0.6,0.61,0.63,0.65,0.68,0.7,0.72,0.75,0.76,0.78,0.79,0.81,0.82,0.83,0.84,0.83,0.84,0.84,0.85,0.85,0.83,NPgN
THIRSK,0,0.37,0.57,0.68,0.79,0.92,0.96,1,1.03,1.08,0.81,0.83,0.87,0.93,0.94,0.97,1.01,1.05,1.09,1.12,1.15,1.18,1.21,1.23,1.25,1.27,1.28,1.3,1.28,1.29,1.3,1.31,1.31,1.29,NPgN
THORNTON DALE,0.86,1.17,1.35,1.44,1.53,1.64,1.67,1.71,1.74,1.78,1.55,1.57,1.6,1.65,1.66,1.69,1.72,1.75,1.78,1.81,1.84,1.86,1.88,1.9,1.92,1.94,1.95,1.96,1.95,1.96,1.96,1.97,1.97,1.95,NPgN
TORONTO 66/20KV,1.9,2.38,2.65,2.79,2.93,3.1,3.15,3.2,3.25,3.31,2.95,2.98,3.04,3.11,3.12,3.17,3.21,3.27,3.32,3.36,3.41,3.44,3.48,3.5,3.53,3.55,3.57,3.59,3.58,3.59,3.6,3.61,3.62,3.58,NPgN
TUNSTALL,0,0.25,0.4,0.47,0.55,0.63,0.66,0.69,0.71,0.75,0.56,0.57,0.6,0.64,0.65,0.67,0.7,0.73,0.75,0.78,0.8,0.82,0.83,0.85,0.86,0.88,0.89,0.9,0.89,0.9,0.9,0.91,0.91,0.89,NPgN
TYNEMOUTH CENTRAL,0,0.63,0.98,1.16,1.35,1.57,1.63,1.7,1.76,1.84,1.38,1.42,1.49,1.58,1.6,1.66,1.72,1.79,1.86,1.91,1.97,2.01,2.06,2.09,2.13,2.16,2.19,2.21,2.19,2.21,2.22,2.23,2.24,2.19,NPgN
UNIVERSITY,4.28,4.6,4.78,4.88,4.98,5.09,5.12,5.16,5.19,5.23,4.99,5.01,5.05,5.1,5.1,5.14,5.17,5.21,5.24,5.27,5.29,5.32,5.34,5.36,5.38,5.4,5.41,5.42,5.41,5.42,5.42,5.43,5.44,5.41,NPgN
URLAY NOOK,0,0.27,0.43,0.51,0.59,0.68,0.71,0.74,0.77,0.8,0.6,0.62,0.65,0.69,0.7,0.72,0.75,0.78,0.81,0.84,0.86,0.88,0.9,0.92,0.93,0.94,0.96,0.97,0.96,0.96,0.97,0.98,0.98,0.96,NPgN
USWORTH,0,0.16,0.25,0.29,0.34,0.4,0.41,0.43,0.45,0.47,0.35,0.36,0.38,0.4,0.4,0.42,0.43,0.45,0.47,0.48,0.5,0.51,0.52,0.53,0.54,0.55,0.55,0.56,0.55,0.56,0.56,0.56,0.57,0.55,NPgN
WALKER,0,0.32,0.5,0.59,0.69,0.8,0.83,0.87,0.9,0.94,0.7,0.72,0.76,0.81,0.81,0.84,0.87,0.91,0.95,0.97,1,1.02,1.05,1.07,1.08,1.1,1.11,1.12,1.11,1.12,1.13,1.13,1.14,1.11,NPgN
WANSBECK,0,0,0.01,0.01,0.01,0.01,0.01,0.01,0.01,0.01,0.01,0.01,0.01,0.01,0.01,0.01,0.01,0.01,0.01,0.01,0.01,0.01,0.01,0.01,0.01,0.01,0.01,0.01,0.01,0.01,0.01,0.01,0.01,0.01,NPgN
WARDLEY,0,0.15,0.24,0.28,0.33,0.39,0.4,0.42,0.43,0.45,0.34,0.35,0.37,0.39,0.39,0.41,0.42,0.44,0.46,0.47,0.48,0.49,0.51,0.51,0.52,0.53,0.54,0.54,0.54,0.54,0.55,0.55,0.55,0.54,NPgN
WARKWORTH,0,0.48,0.74,0.88,1.03,1.19,1.24,1.29,1.34,1.4,1.05,1.08,1.13,1.2,1.22,1.26,1.31,1.37,1.41,1.45,1.5,1.53,1.57,1.59,1.62,1.65,1.67,1.68,1.67,1.68,1.69,1.7,1.71,1.67,NPgN
WENSLEYDALE,0,0.41,0.64,0.76,0.89,1.03,1.07,1.12,1.16,1.21,0.9,0.93,0.97,1.04,1.05,1.09,1.13,1.18,1.22,1.25,1.29,1.32,1.35,1.37,1.4,1.42,1.43,1.45,1.44,1.45,1.45,1.46,1.47,1.43,NPgN
WEST HARTFORD,0,0.02,0.03,0.03,0.04,0.05,0.05,0.05,0.05,0.05,0.04,0.04,0.04,0.05,0.05,0.05,0.05,0.05,0.05,0.06,0.06,0.06,0.06,0.06,0.06,0.06,0.06,0.07,0.06,0.06,0.07,0.07,0.07,0.06,NPgN
WEST SOUTHWICK,0,0.17,0.27,0.32,0.37,0.43,0.45,0.47,0.48,0.51,0.38,0.39,0.41,0.44,0.44,0.46,0.47,0.49,0.51,0.53,0.54,0.55,0.57,0.58,0.59,0.59,0.6,0.61,0.6,0.61,0.61,0.61,0.62,0.6,NPgN
WEST WYLAM,0,0.42,0.65,0.77,0.89,1.04,1.08,1.13,1.17,1.22,0.91,0.94,0.98,1.05,1.06,1.1,1.14,1.19,1.23,1.26,1.3,1.33,1.36,1.39,1.41,1.43,1.45,1.46,1.45,1.46,1.47,1.48,1.48,1.45,NPgN
WESTERHOPE,0,0.17,0.26,0.31,0.36,0.42,0.44,0.46,0.47,0.49,0.37,0.38,0.4,0.42,0.43,0.44,0.46,0.48,0.5,0.51,0.53,0.54,0.55,0.56,0.57,0.58,0.59,0.59,0.59,0.59,0.6,0.6,0.6,0.59,NPgN
WESTOE,0,0.26,0.41,0.49,0.57,0.66,0.69,0.72,0.74,0.78,0.58,0.6,0.63,0.67,0.68,0.7,0.73,0.76,0.79,0.81,0.83,0.85,0.87,0.89,0.9,0.91,0.93,0.94,0.93,0.93,0.94,0.94,0.95,0.93,NPgN
WHITBY T1,0,0.17,0.26,0.31,0.36,0.42,0.43,0.45,0.47,0.49,0.37,0.38,0.4,0.42,0.43,0.44,0.46,0.48,0.49,0.51,0.52,0.54,0.55,0.56,0.57,0.58,0.58,0.59,0.58,0.59,0.59,0.59,0.6,0.58,NPgN
WHITBY T2,0,0.16,0.25,0.29,0.34,0.4,0.41,0.43,0.44,0.46,0.35,0.36,0.37,0.4,0.4,0.42,0.43,0.45,0.47,0.48,0.5,0.51,0.52,0.53,0.54,0.54,0.55,0.56,0.55,0.56,0.56,0.56,0.56,0.55,NPgN
WHITBY WEST T1,0,0.14,0.22,0.26,0.3,0.35,0.36,0.38,0.39,0.41,0.31,0.32,0.33,0.35,0.36,0.37,0.38,0.4,0.42,0.43,0.44,0.45,0.46,0.47,0.48,0.48,0.49,0.49,0.49,0.49,0.5,0.5,0.5,0.49,NPgN
WHITBY WEST T2,0,0.18,0.28,0.34,0.39,0.46,0.48,0.5,0.51,0.54,0.4,0.41,0.43,0.46,0.47,0.48,0.5,0.52,0.54,0.56,0.57,0.59,0.6,0.61,0.62,0.63,0.64,0.65,0.64,0.64,0.65,0.65,0.65,0.64,NPgN
WILLINGTON,0,0.18,0.27,0.32,0.38,0.44,0.46,0.48,0.49,0.52,0.39,0.4,0.42,0.44,0.45,0.46,0.48,0.5,0.52,0.54,0.55,0.56,0.58,0.59,0.6,0.61,0.61,0.62,0.61,0.62,0.62,0.63,0.63,0.61,NPgN
WORMALD GREEN 132/11KV,0,0.24,0.38,0.45,0.52,0.6,0.63,0.66,0.68,0.71,0.53,0.55,0.57,0.61,0.62,0.64,0.66,0.69,0.72,0.74,0.76,0.78,0.79,0.81,0.82,0.83,0.84,0.85,0.85,0.85,0.86,0.86,0.86,0.85,NPgN
WYNYARD,0,0.05,0.08,0.09,0.11,0.12,0.13,0.14,0.14,0.15,0.11,0.11,0.12,0.13,0.13,0.13,0.14,0.14,0.15,0.15,0.16,0.16,0.16,0.17,0.17,0.17,0.17,0.18,0.17,0.18,0.18,0.18,0.18,0.17,NPgN
YEDINGHAM,0,0.09,0.14,0.16,0.19,0.22,0.23,0.24,0.25,0.26,0.19,0.2,0.21,0.22,0.22,0.23,0.24,0.25,0.26,0.27,0.28,0.28,0.29,0.29,0.3,0.3,0.31,0.31,0.31,0.31,0.31,0.31,0.31,0.31,NPgN
YORK UNIVERSITY,3,3.12,3.19,3.23,3.26,3.31,3.32,3.33,3.34,3.36,3.27,3.28,3.29,3.31,3.31,3.32,3.34,3.35,3.36,3.37,3.38,3.39,3.4,3.41,3.42,3.42,3.43,3.43,3.43,3.43,3.43,3.44,3.44,3.43,NPgN
ABBEY ROAD,0,0.21,0.31,0.36,0.41,0.49,0.52,0.54,0.56,0.59,0.43,0.44,0.47,0.51,0.52,0.54,0.57,0.61,0.64,0.66,0.69,0.71,0.73,0.74,0.76,0.78,0.79,0.81,0.81,0.83,0.85,0.87,0.89,0.89,NPgY
AIREDALE ROAD,0,0.18,0.27,0.31,0.35,0.42,0.44,0.46,0.48,0.51,0.37,0.38,0.4,0.44,0.44,0.47,0.49,0.52,0.55,0.57,0.59,0.61,0.63,0.64,0.65,0.67,0.68,0.7,0.7,0.71,0.73,0.75,0.77,0.76,NPgY
ALDHAM,0,0.31,0.46,0.54,0.61,0.73,0.76,0.8,0.83,0.88,0.63,0.65,0.69,0.75,0.76,0.8,0.84,0.9,0.94,0.98,1.02,1.05,1.08,1.1,1.12,1.15,1.17,1.2,1.2,1.23,1.26,1.29,1.32,1.32,NPgY
ALFRED GELDER STREET,0,0.63,0.93,1.09,1.24,1.48,1.55,1.63,1.69,1.79,1.29,1.33,1.41,1.53,1.56,1.64,1.72,1.83,1.92,2,2.07,2.14,2.19,2.24,2.29,2.34,2.39,2.44,2.45,2.5,2.56,2.62,2.69,2.68,NPgY
ALLERTON HILL T1,0,0.09,0.13,0.15,0.17,0.21,0.22,0.23,0.24,0.25,0.18,0.19,0.2,0.21,0.22,0.23,0.24,0.25,0.27,0.28,0.29,0.3,0.31,0.31,0.32,0.33,0.33,0.34,0.34,0.35,0.36,0.37,0.38,0.37,NPgY
ALLERTON HILL T2,0,0.19,0.28,0.32,0.37,0.44,0.46,0.48,0.5,0.53,0.38,0.39,0.42,0.45,0.46,0.48,0.51,0.54,0.57,0.59,0.61,0.63,0.65,0.66,0.68,0.69,0.71,0.72,0.72,0.74,0.76,0.78,0.8,0.79,NPgY
ALVERTHORPE ROAD,0,0.3,0.44,0.51,0.58,0.7,0.73,0.77,0.8,0.84,0.61,0.63,0.66,0.72,0.73,0.77,0.81,0.86,0.9,0.94,0.97,1.01,1.03,1.05,1.08,1.1,1.13,1.15,1.15,1.18,1.21,1.24,1.27,1.26,NPgY
ARMOURIES DRIVE,0,0.15,0.23,0.27,0.3,0.36,0.38,0.4,0.41,0.44,0.32,0.33,0.34,0.37,0.38,0.4,0.42,0.45,0.47,0.49,0.51,0.52,0.54,0.55,0.56,0.57,0.58,0.6,0.6,0.61,0.63,0.64,0.66,0.65,NPgY
ARMTHORPE,5.48,5.63,5.7,5.74,5.78,5.84,5.86,5.88,5.89,5.91,5.79,5.8,5.82,5.85,5.86,5.88,5.9,5.93,5.95,5.97,5.99,6,6.02,6.03,6.04,6.05,6.06,6.08,6.08,6.09,6.11,6.12,6.14,6.13,NPgY
ARUNDEL STREET,0,0.36,0.53,0.62,0.71,0.84,0.88,0.92,0.96,1.02,0.73,0.76,0.8,0.87,0.88,0.93,0.98,1.04,1.09,1.13,1.18,1.21,1.25,1.27,1.3,1.33,1.36,1.39,1.39,1.42,1.46,1.49,1.53,1.52,NPgY
ASKERN,0.76,0.99,1.1,1.15,1.21,1.29,1.32,1.35,1.37,1.4,1.23,1.24,1.27,1.31,1.32,1.35,1.38,1.42,1.45,1.48,1.51,1.53,1.55,1.57,1.58,1.6,1.62,1.64,1.64,1.66,1.68,1.71,1.73,1.73,NPgY
AUDBY LANE,0,0.63,0.94,1.09,1.25,1.48,1.55,1.63,1.7,1.79,1.29,1.34,1.41,1.53,1.56,1.64,1.72,1.83,1.93,2,2.08,2.14,2.2,2.24,2.29,2.34,2.39,2.45,2.45,2.51,2.57,2.63,2.69,2.68,NPgY
AUSTERFIELD,0,0.06,0.09,0.1,0.12,0.14,0.15,0.16,0.16,0.17,0.12,0.13,0.13,0.15,0.15,0.16,0.16,0.17,0.18,0.19,0.2,0.2,0.21,0.21,0.22,0.22,0.23,0.23,0.23,0.24,0.24,0.25,0.26,0.26,NPgY
BAILIFF BRIDGE,0,0.16,0.24,0.28,0.31,0.37,0.39,0.41,0.43,0.45,0.33,0.34,0.36,0.39,0.39,0.41,0.44,0.46,0.49,0.51,0.52,0.54,0.56,0.57,0.58,0.59,0.61,0.62,0.62,0.63,0.65,0.67,0.68,0.68,NPgY
BALBY,0,0.07,0.1,0.12,0.13,0.16,0.17,0.17,0.18,0.19,0.14,0.14,0.15,0.16,0.17,0.18,0.18,0.2,0.21,0.21,0.22,0.23,0.23,0.24,0.24,0.25,0.26,0.26,0.26,0.27,0.27,0.28,0.29,0.29,NPgY
BALME STREET,0,0.37,0.55,0.64,0.73,0.87,0.91,0.96,1,1.05,0.76,0.79,0.83,0.9,0.92,0.97,1.01,1.08,1.13,1.18,1.22,1.26,1.29,1.32,1.35,1.38,1.41,1.44,1.44,1.48,1.51,1.55,1.59,1.58,NPgY
BARNBURGH,0,0.18,0.27,0.31,0.36,0.42,0.44,0.47,0.48,0.51,0.37,0.38,0.4,0.44,0.45,0.47,0.49,0.52,0.55,0.57,0.59,0.61,0.63,0.64,0.65,0.67,0.68,0.7,0.7,0.72,0.73,0.75,0.77,0.77,NPgY
BARNOLDSWICK,0,0.1,0.15,0.17,0.2,0.24,0.25,0.26,0.27,0.29,0.21,0.21,0.23,0.24,0.25,0.26,0.27,0.29,0.31,0.32,0.33,0.34,0.35,0.36,0.37,0.37,0.38,0.39,0.39,0.4,0.41,0.42,0.43,0.43,NPgY
BARNSLEY,0,0.58,0.86,1.01,1.15,1.37,1.43,1.5,1.56,1.65,1.19,1.23,1.3,1.41,1.44,1.51,1.59,1.69,1.77,1.84,1.91,1.97,2.03,2.07,2.11,2.16,2.21,2.26,2.26,2.31,2.37,2.42,2.48,2.47,NPgY
BARNSLEY ROAD,0,0.06,0.08,0.1,0.11,0.13,0.14,0.15,0.15,0.16,0.12,0.12,0.13,0.14,0.14,0.15,0.16,0.17,0.17,0.18,0.19,0.19,0.2,0.2,0.21,0.21,0.22,0.22,0.22,0.23,0.23,0.24,0.24,0.24,NPgY
BARROW,0,0.16,0.23,0.27,0.31,0.37,0.39,0.41,0.43,0.45,0.32,0.33,0.35,0.38,0.39,0.41,0.43,0.46,0.48,0.5,0.52,0.54,0.55,0.56,0.57,0.59,0.6,0.61,0.61,0.63,0.64,0.66,0.68,0.67,NPgY
BARUGH 66/11KV,9.88,10.24,10.42,10.51,10.6,10.74,10.78,10.82,10.86,10.92,10.63,10.65,10.7,10.77,10.78,10.83,10.88,10.94,11,11.04,11.08,11.12,11.16,11.18,11.21,11.24,11.27,11.3,11.3,11.34,11.37,11.41,11.44,11.44,NPgY
BARWICK,0,0.25,0.37,0.44,0.5,0.59,0.62,0.65,0.68,0.71,0.52,0.53,0.56,0.61,0.62,0.66,0.69,0.73,0.77,0.8,0.83,0.86,0.88,0.9,0.92,0.94,0.96,0.98,0.98,1,1.03,1.05,1.08,1.07,NPgY
BASLOW ROAD,0,0.16,0.24,0.28,0.32,0.39,0.4,0.42,0.44,0.47,0.34,0.35,0.37,0.4,0.41,0.43,0.45,0.48,0.5,0.52,0.54,0.56,0.57,0.58,0.6,0.61,0.62,0.64,0.64,0.65,0.67,0.69,0.7,0.7,NPgY
BATLEY,0,0.65,0.97,1.13,1.29,1.53,1.61,1.69,1.76,1.85,1.34,1.38,1.46,1.58,1.61,1.7,1.78,1.9,1.99,2.07,2.15,2.22,2.28,2.32,2.37,2.42,2.48,2.53,2.54,2.6,2.66,2.72,2.79,2.78,NPgY
BEAL,7.73,7.84,7.89,7.91,7.94,7.98,7.99,8,8.02,8.03,7.95,7.96,7.97,7.99,7.99,8.01,8.02,8.04,8.05,8.07,8.08,8.09,8.1,8.11,8.12,8.12,8.13,8.14,8.14,8.15,8.16,8.17,8.18,8.18,NPgY
BEESTON ROYDS 33/11KV,0,0.07,0.11,0.13,0.15,0.17,0.18,0.19,0.2,0.21,0.15,0.16,0.17,0.18,0.18,0.19,0.2,0.21,0.23,0.23,0.24,0.25,0.26,0.26,0.27,0.28,0.28,0.29,0.29,0.29,0.3,0.31,0.32,0.32,NPgY
BEESTON ROYDS 6/7,2,2.31,2.46,2.54,2.62,2.73,2.77,2.81,2.84,2.89,2.64,2.66,2.7,2.76,2.77,2.81,2.85,2.91,2.95,2.99,3.03,3.06,3.09,3.11,3.13,3.16,3.18,3.21,3.21,3.24,3.27,3.3,3.33,3.33,NPgY
BEIGHTON,0,8.31,8.46,8.54,8.62,8.73,8.77,8.8,8.84,8.88,8.64,8.66,8.7,8.75,8.77,8.81,8.85,8.9,8.95,8.99,9.02,9.06,9.09,9.11,9.13,9.16,9.18,9.21,9.21,9.24,9.27,9.3,9.33,9.33,NPgY
BELLHOUSE ROAD,0,0.25,0.37,0.43,0.49,0.59,0.62,0.65,0.67,0.71,0.51,0.53,0.56,0.61,0.62,0.65,0.68,0.73,0.76,0.79,0.82,0.85,0.87,0.89,0.91,0.93,0.95,0.97,0.97,1,1.02,1.04,1.07,1.07,NPgY
BELMONT AVENUE,0,0.34,0.5,0.59,0.67,0.8,0.83,0.87,0.91,0.96,0.69,0.72,0.76,0.82,0.84,0.88,0.93,0.98,1.03,1.07,1.11,1.15,1.18,1.2,1.23,1.26,1.29,1.32,1.32,1.35,1.38,1.41,1.45,1.44,NPgY
BELMONT COVERT,0,0.05,0.08,0.09,0.1,0.12,0.13,0.13,0.14,0.14,0.1,0.11,0.11,0.12,0.13,0.13,0.14,0.15,0.16,0.16,0.17,0.17,0.18,0.18,0.19,0.19,0.19,0.2,0.2,0.2,0.21,0.21,0.22,0.22,NPgY
BELTHORPE LANE,0,0.08,0.13,0.15,0.17,0.2,0.21,0.22,0.23,0.24,0.17,0.18,0.19,0.21,0.21,0.22,0.23,0.25,0.26,0.27,0.28,0.29,0.3,0.3,0.31,0.32,0.32,0.33,0.33,0.34,0.35,0.35,0.36,0.36,NPgY
BENTLEY,0,0.29,0.43,0.5,0.57,0.67,0.71,0.74,0.77,0.81,0.59,0.61,0.64,0.7,0.71,0.75,0.78,0.83,0.88,0.91,0.94,0.97,1,1.02,1.04,1.07,1.09,1.11,1.12,1.14,1.17,1.2,1.23,1.22,NPgY
BILLET LANE,0.76,0.77,0.78,0.78,0.78,0.79,0.79,0.79,0.79,0.79,0.78,0.78,0.79,0.79,0.79,0.79,0.79,0.79,0.8,0.8,0.8,0.8,0.8,0.8,0.8,0.8,0.8,0.81,0.81,0.81,0.81,0.81,0.81,0.81,NPgY
BINBROOK,0,0.08,0.12,0.14,0.15,0.18,0.19,0.2,0.21,0.22,0.16,0.17,0.17,0.19,0.19,0.2,0.21,0.23,0.24,0.25,0.26,0.26,0.27,0.28,0.28,0.29,0.3,0.3,0.3,0.31,0.32,0.33,0.33,0.33,NPgY
BINGLEY 33/11KV,0.48,0.81,0.98,1.06,1.14,1.27,1.31,1.35,1.38,1.43,1.17,1.19,1.23,1.29,1.31,1.35,1.4,1.46,1.51,1.55,1.59,1.62,1.65,1.67,1.7,1.73,1.76,1.79,1.79,1.82,1.85,1.88,1.92,1.91,NPgY
BIRKBY,0,0.31,0.47,0.54,0.62,0.74,0.77,0.81,0.85,0.89,0.64,0.67,0.7,0.76,0.78,0.82,0.86,0.91,0.96,1,1.03,1.07,1.1,1.12,1.14,1.17,1.19,1.22,1.22,1.25,1.28,1.31,1.34,1.34,NPgY
BLACKBURN MEADOWS 33/11KV,3.3,3.54,3.66,3.72,3.78,3.87,3.9,3.93,3.95,3.99,3.8,3.81,3.84,3.89,3.9,3.93,3.96,4.01,4.04,4.07,4.1,4.13,4.15,4.16,4.18,4.2,4.22,4.24,4.25,4.27,4.29,4.31,4.34,4.34,NPgY
BLUE BOY STREET,0,0.26,0.39,0.45,0.51,0.61,0.64,0.67,0.7,0.74,0.53,0.55,0.58,0.63,0.64,0.68,0.71,0.75,0.79,0.82,0.85,0.88,0.91,0.92,0.94,0.97,0.99,1.01,1.01,1.03,1.06,1.08,1.11,1.1,NPgY
BOC BRINSWORTH,0,0.09,0.13,0.16,0.18,0.21,0.22,0.23,0.24,0.26,0.19,0.19,0.2,0.22,0.22,0.24,0.25,0.26,0.28,0.29,0.3,0.31,0.32,0.32,0.33,0.34,0.34,0.35,0.35,0.36,0.37,0.38,0.39,0.39,NPgY
BOLTON ROAD,0,0.2,0.3,0.35,0.4,0.48,0.5,0.53,0.55,0.58,0.42,0.43,0.46,0.49,0.5,0.53,0.56,0.59,0.62,0.65,0.67,0.69,0.71,0.73,0.74,0.76,0.78,0.79,0.79,0.81,0.83,0.85,0.87,0.87,NPgY
BOTTESFORD,0,0.19,0.28,0.33,0.38,0.45,0.47,0.49,0.51,0.54,0.39,0.4,0.43,0.46,0.47,0.5,0.52,0.55,0.58,0.61,0.63,0.65,0.67,0.68,0.69,0.71,0.72,0.74,0.74,0.76,0.78,0.8,0.82,0.81,NPgY
BRAMHOPE,0,0.06,0.09,0.1,0.12,0.14,0.15,0.15,0.16,0.17,0.12,0.13,0.13,0.14,0.15,0.16,0.16,0.17,0.18,0.19,0.2,0.2,0.21,0.21,0.22,0.22,0.23,0.23,0.23,0.24,0.24,0.25,0.26,0.25,NPgY
BRAMLEY,0,0.25,0.37,0.43,0.49,0.59,0.61,0.64,0.67,0.71,0.51,0.53,0.56,0.6,0.62,0.65,0.68,0.72,0.76,0.79,0.82,0.85,0.87,0.89,0.91,0.93,0.95,0.97,0.97,0.99,1.02,1.04,1.07,1.06,NPgY
BRETT STREET,1.24,2.04,2.44,2.64,2.83,3.14,3.23,3.33,3.41,3.53,2.9,2.95,3.05,3.2,3.24,3.34,3.45,3.59,3.71,3.8,3.9,3.98,4.06,4.11,4.18,4.24,4.31,4.38,4.38,4.46,4.53,4.61,4.7,4.68,NPgY
BRIDGES ROAD,0,0.32,0.48,0.56,0.64,0.76,0.79,0.83,0.87,0.91,0.66,0.68,0.72,0.78,0.8,0.84,0.88,0.94,0.98,1.02,1.06,1.09,1.12,1.15,1.17,1.2,1.22,1.25,1.25,1.28,1.31,1.34,1.38,1.37,NPgY
BRIGHOUSE 33/11KV,0,0.1,0.14,0.17,0.19,0.23,0.24,0.25,0.26,0.27,0.2,0.2,0.21,0.23,0.24,0.25,0.26,0.28,0.29,0.3,0.32,0.33,0.33,0.34,0.35,0.36,0.36,0.37,0.37,0.38,0.39,0.4,0.41,0.41,NPgY
BRODSWORTH,1.55,1.85,2,2.07,2.15,2.26,2.3,2.33,2.36,2.41,2.17,2.19,2.23,2.28,2.3,2.34,2.38,2.43,2.47,2.51,2.55,2.58,2.61,2.63,2.65,2.67,2.7,2.72,2.73,2.75,2.78,2.81,2.84,2.84,NPgY
BROOKFIELD STREET,0,0.09,0.14,0.16,0.19,0.22,0.23,0.24,0.26,0.27,0.19,0.2,0.21,0.23,0.23,0.25,0.26,0.28,0.29,0.3,0.31,0.32,0.33,0.34,0.34,0.35,0.36,0.37,0.37,0.38,0.39,0.39,0.4,0.4,NPgY
BTP,1.9,1.95,1.97,1.98,1.99,2.01,2.01,2.02,2.02,2.03,2,2,2,2.01,2.01,2.02,2.03,2.03,2.04,2.05,2.05,2.06,2.06,2.06,2.07,2.07,2.08,2.08,2.08,2.08,2.09,2.09,2.1,2.1,NPgY
BURLEY STREET,0,0.49,0.73,0.86,0.98,1.16,1.22,1.28,1.33,1.4,1.01,1.05,1.11,1.2,1.22,1.29,1.35,1.44,1.51,1.57,1.63,1.68,1.72,1.76,1.8,1.84,1.88,1.92,1.92,1.97,2.01,2.06,2.11,2.1,NPgY
BURMANTOFTS,4.28,4.58,4.73,4.8,4.88,4.99,5.02,5.06,5.09,5.14,4.9,4.92,4.96,5.01,5.03,5.07,5.11,5.16,5.2,5.24,5.28,5.31,5.34,5.36,5.38,5.4,5.43,5.46,5.46,5.48,5.51,5.54,5.57,5.57,NPgY
BURNLEYVILLE,0,0.25,0.37,0.43,0.49,0.58,0.61,0.64,0.67,0.71,0.51,0.53,0.56,0.6,0.62,0.65,0.68,0.72,0.76,0.79,0.82,0.85,0.87,0.88,0.9,0.92,0.95,0.97,0.97,0.99,1.01,1.04,1.06,1.06,NPgY
BURTON PIDSEA,0,0.1,0.15,0.18,0.2,0.24,0.25,0.26,0.28,0.29,0.21,0.22,0.23,0.25,0.25,0.27,0.28,0.3,0.31,0.32,0.34,0.35,0.36,0.36,0.37,0.38,0.39,0.4,0.4,0.41,0.42,0.43,0.44,0.44,NPgY
BURTON ROAD,0,0.14,0.21,0.25,0.28,0.34,0.36,0.37,0.39,0.41,0.3,0.31,0.32,0.35,0.36,0.38,0.39,0.42,0.44,0.46,0.47,0.49,0.5,0.51,0.52,0.54,0.55,0.56,0.56,0.57,0.59,0.6,0.62,0.61,NPgY
BUSLINGTHORPE GREEN,1.9,2.23,2.4,2.48,2.56,2.69,2.73,2.77,2.8,2.85,2.59,2.61,2.65,2.71,2.73,2.77,2.82,2.87,2.92,2.96,3,3.04,3.07,3.09,3.12,3.15,3.17,3.2,3.2,3.23,3.27,3.3,3.33,3.33,NPgY
BUTTERWICK,0,0.12,0.18,0.21,0.24,0.29,0.3,0.32,0.33,0.35,0.25,0.26,0.28,0.3,0.31,0.32,0.34,0.36,0.38,0.39,0.41,0.42,0.43,0.44,0.45,0.46,0.47,0.48,0.48,0.49,0.5,0.51,0.53,0.53,NPgY
CAISTOR,1,1.22,1.33,1.39,1.44,1.53,1.55,1.58,1.6,1.64,1.46,1.47,1.5,1.54,1.55,1.58,1.61,1.65,1.68,1.71,1.74,1.76,1.78,1.8,1.82,1.83,1.85,1.87,1.87,1.89,1.91,1.94,1.96,1.95,NPgY
CALDER WHARF,0,0.32,0.48,0.56,0.64,0.76,0.8,0.84,0.88,0.92,0.67,0.69,0.73,0.79,0.8,0.85,0.89,0.94,0.99,1.03,1.07,1.1,1.14,1.16,1.18,1.21,1.24,1.26,1.27,1.29,1.33,1.36,1.39,1.39,NPgY
CARLTON HILL,2,2.28,2.42,2.49,2.56,2.67,2.7,2.73,2.76,2.8,2.58,2.6,2.64,2.69,2.7,2.74,2.77,2.82,2.86,2.9,2.93,2.96,2.99,3.01,3.03,3.05,3.08,3.1,3.1,3.13,3.15,3.18,3.21,3.21,NPgY
CARR LANE,0,0.2,0.3,0.35,0.4,0.48,0.5,0.52,0.54,0.57,0.42,0.43,0.45,0.49,0.5,0.53,0.55,0.59,0.62,0.64,0.67,0.69,0.71,0.72,0.74,0.75,0.77,0.79,0.79,0.81,0.83,0.85,0.87,0.86,NPgY
CHELKER RESERVOIR,0,0.07,0.1,0.12,0.13,0.16,0.17,0.17,0.18,0.19,0.14,0.14,0.15,0.16,0.17,0.17,0.18,0.2,0.21,0.21,0.22,0.23,0.23,0.24,0.24,0.25,0.26,0.26,0.26,0.27,0.27,0.28,0.29,0.29,NPgY
CHEVIN END,0,0.12,0.18,0.21,0.23,0.28,0.29,0.31,0.32,0.34,0.24,0.25,0.27,0.29,0.29,0.31,0.32,0.35,0.36,0.38,0.39,0.4,0.41,0.42,0.43,0.44,0.45,0.46,0.46,0.47,0.48,0.5,0.51,0.51,NPgY
CLARENCE ROAD,0,0.45,0.67,0.79,0.9,1.07,1.12,1.18,1.22,1.29,0.93,0.96,1.02,1.1,1.13,1.18,1.24,1.32,1.39,1.44,1.5,1.54,1.59,1.62,1.65,1.69,1.73,1.76,1.77,1.81,1.85,1.9,1.94,1.93,NPgY
CLARENDON ROAD,0,0.26,0.39,0.46,0.52,0.62,0.65,0.69,0.71,0.75,0.54,0.56,0.59,0.64,0.66,0.69,0.72,0.77,0.81,0.84,0.87,0.9,0.93,0.94,0.96,0.99,1.01,1.03,1.03,1.06,1.08,1.11,1.13,1.13,NPgY
CLARENDON STREET,1.2,1.56,1.74,1.83,1.92,2.05,2.09,2.14,2.18,2.23,1.94,1.97,2.01,2.08,2.1,2.14,2.19,2.25,2.31,2.35,2.39,2.43,2.47,2.49,2.52,2.55,2.58,2.61,2.61,2.64,2.68,2.71,2.75,2.74,NPgY
CLAYWHEELS LANE,0,0.36,0.53,0.62,0.7,0.84,0.88,0.92,0.96,1.01,0.73,0.75,0.8,0.86,0.88,0.93,0.97,1.04,1.09,1.13,1.17,1.21,1.24,1.27,1.3,1.33,1.36,1.39,1.39,1.42,1.45,1.49,1.53,1.52,NPgY
CLOUGH LANE,0,0.03,0.04,0.05,0.06,0.07,0.07,0.08,0.08,0.09,0.06,0.06,0.07,0.07,0.07,0.08,0.08,0.09,0.09,0.1,0.1,0.1,0.1,0.11,0.11,0.11,0.11,0.12,0.12,0.12,0.12,0.13,0.13,0.13,NPgY
COMMONSIDE LANE,7.32,7.53,7.64,7.69,7.74,7.83,7.85,7.88,7.9,7.93,7.76,7.78,7.8,7.84,7.85,7.88,7.91,7.95,7.98,8.01,8.03,8.05,8.07,8.09,8.11,8.12,8.14,8.16,8.16,8.18,8.2,8.22,8.24,8.24,NPgY
CONVAMORE ROAD,0,0.1,0.15,0.18,0.2,0.24,0.26,0.27,0.28,0.29,0.21,0.22,0.23,0.25,0.26,0.27,0.28,0.3,0.32,0.33,0.34,0.35,0.36,0.37,0.38,0.39,0.4,0.4,0.4,0.41,0.42,0.43,0.45,0.44,NPgY
CONYARD ROAD,0,0.33,0.49,0.57,0.65,0.78,0.82,0.86,0.89,0.94,0.68,0.7,0.74,0.8,0.82,0.86,0.9,0.96,1.01,1.05,1.09,1.12,1.16,1.18,1.2,1.23,1.26,1.29,1.29,1.32,1.35,1.38,1.42,1.41,NPgY
CORNWALL STREET,0,0.46,0.69,0.81,0.92,1.09,1.15,1.2,1.25,1.32,0.95,0.98,1.04,1.13,1.15,1.21,1.27,1.35,1.42,1.47,1.53,1.58,1.62,1.65,1.69,1.73,1.76,1.8,1.81,1.85,1.89,1.94,1.98,1.98,NPgY
CORRINGHAM ROAD,3.88,4.16,4.3,4.38,4.45,4.56,4.59,4.62,4.65,4.7,4.47,4.49,4.52,4.58,4.59,4.63,4.67,4.72,4.76,4.79,4.83,4.86,4.89,4.91,4.93,4.95,4.98,5,5,5.03,5.06,5.08,5.11,5.11,NPgY
COSTHORPE,0.31,0.46,0.53,0.56,0.6,0.65,0.67,0.69,0.7,0.72,0.61,0.62,0.64,0.66,0.67,0.69,0.71,0.73,0.75,0.77,0.79,0.8,0.82,0.83,0.84,0.85,0.86,0.87,0.88,0.89,0.9,0.92,0.93,0.93,NPgY
COUNTY ROAD NORTH,0,0.22,0.33,0.39,0.44,0.52,0.55,0.57,0.6,0.63,0.46,0.47,0.5,0.54,0.55,0.58,0.61,0.65,0.68,0.71,0.73,0.76,0.78,0.79,0.81,0.83,0.85,0.86,0.87,0.89,0.91,0.93,0.95,0.95,NPgY
CRACOE,0,0.24,0.35,0.41,0.47,0.56,0.59,0.62,0.64,0.68,0.49,0.5,0.53,0.58,0.59,0.62,0.65,0.69,0.73,0.76,0.78,0.81,0.83,0.85,0.87,0.89,0.91,0.93,0.93,0.95,0.97,0.99,1.02,1.01,NPgY
CROOKESMOOR ROAD,0,0.47,0.69,0.81,0.92,1.1,1.15,1.21,1.26,1.33,0.96,0.99,1.05,1.13,1.16,1.22,1.28,1.36,1.43,1.48,1.54,1.59,1.63,1.66,1.7,1.74,1.78,1.82,1.82,1.86,1.91,1.95,2,1.99,NPgY
CROSSHILLS,1.19,1.48,1.62,1.69,1.76,1.87,1.9,1.93,1.96,2.01,1.78,1.8,1.83,1.89,1.9,1.94,1.98,2.03,2.07,2.1,2.14,2.17,2.19,2.21,2.24,2.26,2.28,2.31,2.31,2.34,2.36,2.39,2.42,2.42,NPgY
CROWLE,0,0.14,0.21,0.25,0.28,0.33,0.35,0.37,0.38,0.4,0.29,0.3,0.32,0.34,0.35,0.37,0.39,0.41,0.43,0.45,0.47,0.48,0.5,0.51,0.52,0.53,0.54,0.55,0.55,0.57,0.58,0.59,0.61,0.61,NPgY
CROWN STREET,0,0.2,0.3,0.35,0.4,0.47,0.5,0.52,0.54,0.57,0.41,0.43,0.45,0.49,0.5,0.52,0.55,0.58,0.61,0.64,0.66,0.68,0.7,0.72,0.73,0.75,0.76,0.78,0.78,0.8,0.82,0.84,0.86,0.86,NPgY
DALTON,0,0.25,0.37,0.43,0.49,0.59,0.61,0.64,0.67,0.71,0.51,0.53,0.56,0.6,0.62,0.65,0.68,0.73,0.76,0.79,0.82,0.85,0.87,0.89,0.91,0.93,0.95,0.97,0.97,0.99,1.02,1.04,1.07,1.06,NPgY
DARNALL,0.37,0.74,0.93,1.03,1.12,1.26,1.3,1.35,1.39,1.44,1.15,1.17,1.22,1.29,1.31,1.36,1.41,1.47,1.53,1.57,1.62,1.66,1.69,1.72,1.75,1.78,1.81,1.84,1.84,1.88,1.91,1.95,1.99,1.99,NPgY
DEARNE ROAD,3.8,3.97,4.05,4.09,4.13,4.2,4.22,4.24,4.25,4.28,4.15,4.16,4.18,4.21,4.22,4.24,4.26,4.29,4.31,4.34,4.36,4.37,4.39,4.4,4.41,4.43,4.44,4.45,4.46,4.47,4.49,4.5,4.52,4.52,NPgY
DEIGHTON,0,0.23,0.34,0.4,0.46,0.55,0.57,0.6,0.62,0.66,0.48,0.49,0.52,0.56,0.57,0.6,0.63,0.67,0.71,0.74,0.76,0.79,0.81,0.82,0.84,0.86,0.88,0.9,0.9,0.92,0.95,0.97,0.99,0.99,NPgY
DENBY DALE ROAD,0,0.27,0.4,0.47,0.54,0.64,0.67,0.7,0.73,0.77,0.56,0.57,0.61,0.66,0.67,0.71,0.74,0.79,0.83,0.86,0.89,0.92,0.95,0.97,0.99,1.01,1.03,1.05,1.06,1.08,1.11,1.13,1.16,1.15,NPgY
DENBY GRANGE,0,0.05,0.07,0.08,0.09,0.11,0.11,0.12,0.12,0.13,0.1,0.1,0.1,0.11,0.11,0.12,0.13,0.13,0.14,0.15,0.15,0.16,0.16,0.17,0.17,0.17,0.18,0.18,0.18,0.18,0.19,0.19,0.2,0.2,NPgY
DENHOLME,0,0.08,0.13,0.15,0.17,0.2,0.21,0.22,0.23,0.24,0.17,0.18,0.19,0.21,0.21,0.22,0.23,0.25,0.26,0.27,0.28,0.29,0.3,0.3,0.31,0.32,0.32,0.33,0.33,0.34,0.35,0.36,0.36,0.36,NPgY
DINNINGTON,0,0.34,0.5,0.58,0.67,0.79,0.83,0.87,0.91,0.96,0.69,0.71,0.76,0.82,0.83,0.88,0.92,0.98,1.03,1.07,1.11,1.14,1.18,1.2,1.22,1.25,1.28,1.31,1.31,1.34,1.37,1.41,1.44,1.43,NPgY
DOUGHTY ROAD,0,0.74,1.11,1.3,1.48,1.76,1.84,1.93,2.01,2.12,1.53,1.58,1.67,1.81,1.85,1.94,2.04,2.17,2.28,2.37,2.46,2.54,2.61,2.66,2.72,2.78,2.84,2.9,2.91,2.97,3.04,3.12,3.19,3.18,NPgY
DOWKER STREET,0,0.24,0.36,0.42,0.48,0.57,0.6,0.63,0.66,0.69,0.5,0.52,0.55,0.59,0.6,0.64,0.67,0.71,0.75,0.78,0.8,0.83,0.85,0.87,0.89,0.91,0.93,0.95,0.95,0.97,1,1.02,1.05,1.04,NPgY
DRAX PRIMARY,0,0.04,0.05,0.06,0.07,0.09,0.09,0.09,0.1,0.1,0.07,0.08,0.08,0.09,0.09,0.09,0.1,0.11,0.11,0.11,0.12,0.12,0.13,0.13,0.13,0.13,0.14,0.14,0.14,0.14,0.15,0.15,0.15,0.15,NPgY
DRIFFIELD,0,0.51,0.76,0.89,1.01,1.2,1.26,1.32,1.38,1.45,1.05,1.08,1.15,1.24,1.27,1.33,1.4,1.49,1.56,1.62,1.68,1.74,1.79,1.82,1.86,1.9,1.94,1.99,1.99,2.04,2.08,2.13,2.19,2.18,NPgY
DRONFIELD,0,0.26,0.38,0.45,0.51,0.61,0.64,0.67,0.7,0.73,0.53,0.55,0.58,0.63,0.64,0.67,0.71,0.75,0.79,0.82,0.85,0.88,0.9,0.92,0.94,0.96,0.98,1,1.01,1.03,1.05,1.08,1.11,1.1,NPgY
DUDLEY HILL,0,0.19,0.29,0.33,0.38,0.45,0.47,0.5,0.52,0.55,0.39,0.41,0.43,0.47,0.48,0.5,0.53,0.56,0.59,0.61,0.63,0.65,0.67,0.68,0.7,0.72,0.73,0.75,0.75,0.77,0.78,0.8,0.82,0.82,NPgY
DUNKESWICK,0,0.14,0.2,0.24,0.27,0.32,0.34,0.35,0.37,0.39,0.28,0.29,0.31,0.33,0.34,0.36,0.37,0.4,0.42,0.43,0.45,0.46,0.48,0.49,0.5,0.51,0.52,0.53,0.53,0.54,0.56,0.57,0.58,0.58,NPgY
DURKAR LOW LANE,0,0.26,0.38,0.44,0.51,0.6,0.63,0.66,0.69,0.73,0.53,0.54,0.57,0.62,0.63,0.67,0.7,0.75,0.78,0.81,0.84,0.87,0.9,0.91,0.93,0.95,0.97,1,1,1.02,1.05,1.07,1.1,1.09,NPgY
EASINGTON,18.1,18.15,18.18,18.19,18.2,18.22,18.23,18.23,18.24,18.24,18.2,18.21,18.21,18.22,18.23,18.23,18.24,18.25,18.26,18.26,18.27,18.27,18.28,18.28,18.29,18.29,18.29,18.3,18.3,18.3,18.31,18.31,18.32,18.32,NPgY
EASTFIELD ROAD,0.5,0.66,0.73,0.77,0.81,0.87,0.89,0.91,0.93,0.95,0.82,0.83,0.85,0.88,0.89,0.91,0.93,0.96,0.98,1,1.02,1.04,1.05,1.06,1.07,1.09,1.1,1.11,1.11,1.13,1.14,1.16,1.17,1.17,NPgY
ECCLESFIELD,7.92,8.12,8.21,8.26,8.31,8.38,8.4,8.43,8.45,8.48,8.32,8.34,8.36,8.4,8.41,8.43,8.46,8.49,8.52,8.54,8.57,8.59,8.61,8.62,8.63,8.65,8.67,8.68,8.68,8.7,8.72,8.74,8.76,8.76,NPgY
EDLINGTON,7.6,7.82,7.92,7.98,8.03,8.11,8.14,8.17,8.19,8.22,8.05,8.06,8.09,8.13,8.14,8.17,8.2,8.24,8.27,8.29,8.32,8.34,8.36,8.38,8.4,8.41,8.43,8.45,8.45,8.47,8.49,8.51,8.54,8.53,NPgY
EGGBOROUGH,0,0.07,0.1,0.12,0.13,0.16,0.16,0.17,0.18,0.19,0.14,0.14,0.15,0.16,0.17,0.17,0.18,0.19,0.2,0.21,0.22,0.23,0.23,0.24,0.24,0.25,0.25,0.26,0.26,0.27,0.27,0.28,0.29,0.28,NPgY
ELGAR ROAD,0,0.27,0.39,0.46,0.53,0.63,0.66,0.69,0.72,0.76,0.55,0.56,0.6,0.65,0.66,0.69,0.73,0.77,0.81,0.84,0.88,0.9,0.93,0.95,0.97,0.99,1.01,1.03,1.04,1.06,1.08,1.11,1.14,1.13,NPgY
ELLAND 33/11KV,0.93,1.18,1.31,1.37,1.43,1.53,1.56,1.59,1.61,1.65,1.45,1.47,1.5,1.55,1.56,1.59,1.62,1.67,1.71,1.74,1.77,1.79,1.82,1.83,1.85,1.87,1.9,1.92,1.92,1.94,1.97,1.99,2.02,2.01,NPgY
ELLIFOOT LANE,10.05,10.06,10.07,10.07,10.08,10.08,10.08,10.08,10.08,10.09,10.08,10.08,10.08,10.08,10.08,10.08,10.08,10.09,10.09,10.09,10.09,10.09,10.09,10.1,10.1,10.1,10.1,10.1,10.1,10.1,10.1,10.1,10.1,10.1,NPgY
ELLIN STREET 1/3,0,0.29,0.44,0.51,0.58,0.69,0.72,0.76,0.79,0.83,0.6,0.62,0.66,0.71,0.73,0.76,0.8,0.85,0.9,0.93,0.97,1,1.02,1.04,1.07,1.09,1.12,1.14,1.14,1.17,1.2,1.23,1.26,1.25,NPgY
ELLIN STREET 2,0,0.15,0.22,0.26,0.3,0.36,0.37,0.39,0.41,0.43,0.31,0.32,0.34,0.37,0.37,0.39,0.41,0.44,0.46,0.48,0.5,0.51,0.53,0.54,0.55,0.56,0.58,0.59,0.59,0.6,0.62,0.63,0.65,0.65,NPgY
ELMHIRST LANE 1,0,0.06,0.08,0.1,0.11,0.13,0.14,0.15,0.15,0.16,0.12,0.12,0.13,0.14,0.14,0.15,0.16,0.17,0.17,0.18,0.19,0.19,0.2,0.2,0.21,0.21,0.22,0.22,0.22,0.23,0.23,0.24,0.25,0.24,NPgY
ELMHIRST LANE 2,0,0.1,0.15,0.18,0.2,0.24,0.25,0.26,0.27,0.29,0.21,0.22,0.23,0.25,0.25,0.27,0.28,0.3,0.31,0.32,0.34,0.35,0.36,0.36,0.37,0.38,0.39,0.4,0.4,0.41,0.42,0.43,0.44,0.44,NPgY
ELSECAR,0,0.16,0.23,0.27,0.31,0.37,0.39,0.4,0.42,0.44,0.32,0.33,0.35,0.38,0.39,0.41,0.43,0.46,0.48,0.5,0.52,0.53,0.55,0.56,0.57,0.58,0.6,0.61,0.61,0.62,0.64,0.65,0.67,0.67,NPgY
ENDIKE LANE,0,0.26,0.39,0.46,0.52,0.62,0.65,0.68,0.71,0.75,0.54,0.56,0.59,0.64,0.65,0.69,0.72,0.77,0.81,0.84,0.87,0.9,0.92,0.94,0.96,0.98,1,1.02,1.03,1.05,1.08,1.1,1.13,1.12,NPgY
EPWORTH,0.63,0.85,0.96,1.01,1.06,1.15,1.17,1.2,1.22,1.26,1.08,1.1,1.12,1.16,1.18,1.2,1.23,1.27,1.3,1.33,1.36,1.38,1.4,1.41,1.43,1.45,1.47,1.49,1.49,1.51,1.53,1.55,1.57,1.57,NPgY
FARNLEY CRESCENT,0,0.26,0.39,0.45,0.51,0.61,0.64,0.67,0.7,0.74,0.53,0.55,0.58,0.63,0.64,0.68,0.71,0.76,0.8,0.83,0.86,0.88,0.91,0.93,0.95,0.97,0.99,1.01,1.01,1.04,1.06,1.09,1.11,1.11,NPgY
FENTON LANE,0.4,0.48,0.51,0.53,0.55,0.58,0.59,0.6,0.61,0.62,0.56,0.56,0.57,0.59,0.59,0.6,0.61,0.62,0.63,0.64,0.65,0.66,0.67,0.67,0.68,0.68,0.69,0.7,0.7,0.7,0.71,0.72,0.73,0.73,NPgY
FERRYBRIDGE A 11KV,0.5,0.87,1.06,1.15,1.24,1.38,1.42,1.47,1.51,1.56,1.27,1.29,1.34,1.41,1.43,1.48,1.52,1.59,1.64,1.69,1.73,1.77,1.81,1.83,1.86,1.89,1.92,1.96,1.96,1.99,2.03,2.06,2.1,2.1,NPgY
FIR TREE LANE,0,0.23,0.35,0.41,0.47,0.55,0.58,0.61,0.63,0.67,0.48,0.5,0.53,0.57,0.58,0.61,0.64,0.68,0.72,0.75,0.78,0.8,0.82,0.84,0.86,0.88,0.89,0.91,0.92,0.94,0.96,0.98,1.01,1,NPgY
FIRST AVENUE,0,0.28,0.41,0.48,0.55,0.66,0.69,0.72,0.75,0.79,0.57,0.59,0.63,0.68,0.69,0.73,0.76,0.81,0.85,0.89,0.92,0.95,0.97,0.99,1.02,1.04,1.06,1.08,1.09,1.11,1.14,1.17,1.19,1.19,NPgY
FIRTH BROWN,0,0.12,0.17,0.2,0.23,0.27,0.29,0.3,0.31,0.33,0.24,0.25,0.26,0.28,0.29,0.3,0.32,0.34,0.35,0.37,0.38,0.39,0.41,0.41,0.42,0.43,0.44,0.45,0.45,0.46,0.47,0.48,0.5,0.49,NPgY
FISH DAM LANE,0,0.14,0.2,0.24,0.27,0.32,0.34,0.35,0.37,0.39,0.28,0.29,0.3,0.33,0.34,0.35,0.37,0.4,0.42,0.43,0.45,0.46,0.47,0.48,0.49,0.51,0.52,0.53,0.53,0.54,0.55,0.57,0.58,0.58,NPgY
FLIXBOROUGH,0,0.17,0.25,0.29,0.33,0.39,0.41,0.43,0.45,0.47,0.34,0.35,0.37,0.4,0.41,0.43,0.45,0.48,0.51,0.53,0.55,0.56,0.58,0.59,0.6,0.62,0.63,0.64,0.64,0.66,0.67,0.69,0.71,0.71,NPgY
FOLLY HALL,0,0.43,0.64,0.75,0.86,1.02,1.07,1.12,1.17,1.23,0.89,0.92,0.97,1.05,1.08,1.13,1.19,1.26,1.33,1.38,1.43,1.48,1.52,1.55,1.58,1.62,1.65,1.69,1.69,1.73,1.77,1.81,1.86,1.85,NPgY
FOUR LANE ENDS,0,0.18,0.27,0.32,0.37,0.44,0.46,0.48,0.5,0.53,0.38,0.39,0.41,0.45,0.46,0.48,0.51,0.54,0.57,0.59,0.61,0.63,0.65,0.66,0.67,0.69,0.7,0.72,0.72,0.74,0.76,0.77,0.79,0.79,NPgY
FOXHILLS,0,0.09,0.14,0.16,0.19,0.22,0.23,0.24,0.25,0.27,0.19,0.2,0.21,0.23,0.23,0.24,0.26,0.27,0.29,0.3,0.31,0.32,0.33,0.33,0.34,0.35,0.36,0.36,0.36,0.37,0.38,0.39,0.4,0.4,NPgY
FULLERTON ROAD,0,0.06,0.09,0.11,0.13,0.15,0.16,0.16,0.17,0.18,0.13,0.13,0.14,0.15,0.16,0.17,0.17,0.19,0.19,0.2,0.21,0.22,0.22,0.23,0.23,0.24,0.24,0.25,0.25,0.25,0.26,0.27,0.27,0.27,NPgY
FURNESS AVENUE,0,0.22,0.32,0.38,0.43,0.51,0.54,0.57,0.59,0.62,0.45,0.46,0.49,0.53,0.54,0.57,0.6,0.64,0.67,0.69,0.72,0.74,0.76,0.78,0.8,0.81,0.83,0.85,0.85,0.87,0.89,0.91,0.94,0.93,NPgY
GAISBY LANE,0,0.36,0.53,0.62,0.7,0.84,0.88,0.92,0.96,1.01,0.73,0.75,0.8,0.86,0.88,0.93,0.97,1.04,1.09,1.13,1.17,1.21,1.24,1.27,1.3,1.33,1.35,1.38,1.39,1.42,1.45,1.49,1.53,1.52,NPgY
GIBRALTAR ROAD,0,0.41,0.61,0.71,0.81,0.97,1.02,1.07,1.11,1.17,0.85,0.87,0.92,1,1.02,1.07,1.13,1.2,1.26,1.31,1.36,1.4,1.44,1.47,1.5,1.53,1.57,1.6,1.61,1.64,1.68,1.72,1.77,1.76,NPgY
GIBSON LANE,0,0.16,0.24,0.28,0.32,0.38,0.39,0.41,0.43,0.45,0.33,0.34,0.36,0.39,0.4,0.42,0.44,0.47,0.49,0.51,0.53,0.54,0.56,0.57,0.58,0.6,0.61,0.62,0.62,0.64,0.65,0.67,0.69,0.68,NPgY
GILDERSOME,0,0.28,0.42,0.5,0.56,0.67,0.7,0.74,0.77,0.81,0.59,0.61,0.64,0.69,0.71,0.74,0.78,0.83,0.87,0.91,0.94,0.97,1,1.02,1.04,1.06,1.09,1.11,1.11,1.14,1.16,1.19,1.22,1.22,NPgY
GLEADLESS VALLEY,0,0.18,0.27,0.31,0.36,0.42,0.44,0.47,0.48,0.51,0.37,0.38,0.4,0.44,0.45,0.47,0.49,0.52,0.55,0.57,0.59,0.61,0.63,0.64,0.65,0.67,0.68,0.7,0.7,0.72,0.73,0.75,0.77,0.77,NPgY
GOOLE,0,0.52,0.77,0.9,1.03,1.23,1.29,1.35,1.4,1.48,1.07,1.1,1.17,1.26,1.29,1.36,1.43,1.52,1.59,1.65,1.72,1.77,1.82,1.85,1.9,1.94,1.98,2.02,2.03,2.08,2.12,2.18,2.23,2.22,NPgY
GRAINTHORPE,0,0.12,0.18,0.21,0.24,0.28,0.29,0.31,0.32,0.34,0.24,0.25,0.27,0.29,0.3,0.31,0.33,0.35,0.36,0.38,0.39,0.4,0.42,0.42,0.43,0.44,0.45,0.46,0.46,0.47,0.49,0.5,0.51,0.51,NPgY
GREAT COATES,7.98,8.16,8.24,8.28,8.33,8.39,8.41,8.43,8.45,8.48,8.34,8.35,8.37,8.41,8.42,8.44,8.46,8.49,8.52,8.54,8.56,8.58,8.59,8.61,8.62,8.63,8.65,8.66,8.66,8.68,8.7,8.71,8.73,8.73,NPgY
GREENHILL,0,0.12,0.17,0.2,0.23,0.27,0.29,0.3,0.31,0.33,0.24,0.25,0.26,0.28,0.29,0.3,0.32,0.34,0.36,0.37,0.38,0.4,0.41,0.42,0.42,0.43,0.44,0.45,0.45,0.47,0.48,0.49,0.5,0.5,NPgY
GREYFRIARS RD,0,0.21,0.31,0.37,0.42,0.5,0.52,0.55,0.57,0.6,0.43,0.45,0.47,0.51,0.52,0.55,0.58,0.61,0.64,0.67,0.69,0.72,0.74,0.75,0.77,0.78,0.8,0.82,0.82,0.84,0.86,0.88,0.9,0.9,NPgY
GREYFRIARS ROAD 3/4,0,0.18,0.26,0.3,0.35,0.41,0.43,0.45,0.47,0.5,0.36,0.37,0.39,0.43,0.44,0.46,0.48,0.51,0.54,0.56,0.58,0.6,0.61,0.62,0.64,0.65,0.67,0.68,0.68,0.7,0.72,0.73,0.75,0.75,NPgY
GRIMETHORPE,5.5,5.59,5.63,5.65,5.67,5.7,5.71,5.72,5.73,5.74,5.68,5.68,5.69,5.71,5.71,5.72,5.74,5.75,5.76,5.77,5.78,5.79,5.8,5.81,5.81,5.82,5.83,5.84,5.84,5.84,5.85,5.86,5.87,5.87,NPgY
GROVE STREET,0,0.42,0.62,0.73,0.83,0.99,1.04,1.09,1.13,1.19,0.86,0.89,0.94,1.02,1.04,1.09,1.15,1.22,1.28,1.33,1.38,1.43,1.47,1.49,1.53,1.56,1.6,1.63,1.63,1.67,1.71,1.75,1.79,1.79,NPgY
GUARDIAN GLASS,0,0,0,0,0.01,0.01,0.01,0.01,0.01,0.01,0.01,0.01,0.01,0.01,0.01,0.01,0.01,0.01,0.01,0.01,0.01,0.01,0.01,0.01,0.01,0.01,0.01,0.01,0.01,0.01,0.01,0.01,0.01,0.01,NPgY
HACKENTHORPE,0,0.22,0.33,0.38,0.43,0.52,0.54,0.57,0.59,0.62,0.45,0.47,0.49,0.53,0.54,0.57,0.6,0.64,0.67,0.7,0.72,0.75,0.77,0.78,0.8,0.82,0.84,0.85,0.86,0.88,0.9,0.92,0.94,0.94,NPgY
HALIFAX 33/11KV,0,0.71,1.06,1.24,1.41,1.68,1.76,1.85,1.93,2.03,1.47,1.52,1.6,1.73,1.77,1.86,1.96,2.08,2.18,2.27,2.35,2.43,2.5,2.54,2.6,2.66,2.72,2.78,2.78,2.85,2.91,2.98,3.06,3.05,NPgY
HALLAM STREET,4.56,4.76,4.85,4.9,4.95,5.03,5.05,5.07,5.09,5.12,4.97,4.98,5,5.04,5.05,5.08,5.1,5.14,5.17,5.19,5.21,5.23,5.25,5.27,5.28,5.3,5.31,5.33,5.33,5.35,5.37,5.39,5.41,5.4,NPgY
HARDEN,0,0.09,0.13,0.15,0.17,0.2,0.21,0.22,0.23,0.25,0.18,0.18,0.19,0.21,0.21,0.23,0.24,0.25,0.26,0.28,0.29,0.29,0.3,0.31,0.32,0.32,0.33,0.34,0.34,0.35,0.35,0.36,0.37,0.37,NPgY
HARPSWELL,6.29,6.4,6.46,6.49,6.51,6.56,6.57,6.58,6.6,6.61,6.52,6.53,6.54,6.57,6.57,6.59,6.6,6.62,6.64,6.65,6.67,6.68,6.69,6.7,6.71,6.71,6.72,6.73,6.73,6.75,6.76,6.77,6.78,6.78,NPgY
HARWORTH,4,4.2,4.3,4.35,4.4,4.48,4.5,4.52,4.54,4.57,4.41,4.43,4.45,4.49,4.5,4.53,4.55,4.59,4.62,4.64,4.66,4.68,4.7,4.72,4.73,4.75,4.77,4.78,4.78,4.8,4.82,4.84,4.86,4.86,NPgY
HAWORTH 1,0,0.15,0.23,0.27,0.3,0.36,0.38,0.4,0.41,0.43,0.31,0.32,0.34,0.37,0.38,0.4,0.42,0.44,0.47,0.49,0.5,0.52,0.53,0.54,0.56,0.57,0.58,0.6,0.6,0.61,0.62,0.64,0.66,0.65,NPgY
HAWORTH 2,0,0.08,0.12,0.14,0.16,0.19,0.2,0.21,0.21,0.23,0.16,0.17,0.18,0.19,0.2,0.21,0.22,0.23,0.24,0.25,0.26,0.27,0.28,0.28,0.29,0.3,0.3,0.31,0.31,0.32,0.33,0.33,0.34,0.34,NPgY
HAXEY,0,0.12,0.18,0.21,0.24,0.29,0.3,0.31,0.33,0.34,0.25,0.26,0.27,0.29,0.3,0.32,0.33,0.35,0.37,0.38,0.4,0.41,0.42,0.43,0.44,0.45,0.46,0.47,0.47,0.48,0.49,0.51,0.52,0.52,NPgY
HAYTON,0.5,0.87,1.05,1.15,1.24,1.38,1.42,1.46,1.5,1.56,1.26,1.29,1.33,1.4,1.42,1.47,1.52,1.58,1.64,1.68,1.73,1.76,1.8,1.82,1.85,1.88,1.91,1.95,1.95,1.98,2.02,2.05,2.09,2.08,NPgY
HAZLEHEAD,0,0.04,0.06,0.07,0.08,0.1,0.1,0.11,0.11,0.12,0.09,0.09,0.09,0.1,0.1,0.11,0.12,0.12,0.13,0.13,0.14,0.14,0.15,0.15,0.15,0.16,0.16,0.16,0.16,0.17,0.17,0.18,0.18,0.18,NPgY
HEBDEN BRIDGE,0,0.08,0.11,0.13,0.15,0.18,0.19,0.2,0.21,0.22,0.16,0.16,0.17,0.19,0.19,0.2,0.21,0.22,0.24,0.24,0.25,0.26,0.27,0.27,0.28,0.29,0.29,0.3,0.3,0.31,0.32,0.32,0.33,0.33,NPgY
HEDLEY CHASE,0,0.19,0.28,0.33,0.38,0.45,0.47,0.5,0.52,0.55,0.39,0.41,0.43,0.47,0.48,0.5,0.52,0.56,0.59,0.61,0.63,0.65,0.67,0.68,0.7,0.71,0.73,0.75,0.75,0.76,0.78,0.8,0.82,0.82,NPgY
HEDON ROAD,0,0.03,0.05,0.05,0.06,0.07,0.08,0.08,0.09,0.09,0.06,0.07,0.07,0.08,0.08,0.08,0.09,0.09,0.1,0.1,0.1,0.11,0.11,0.11,0.11,0.12,0.12,0.12,0.12,0.13,0.13,0.13,0.13,0.13,NPgY
HEMSWORTH,0.83,1.04,1.14,1.19,1.24,1.31,1.34,1.36,1.38,1.41,1.25,1.27,1.29,1.33,1.34,1.37,1.39,1.43,1.46,1.48,1.51,1.53,1.55,1.56,1.58,1.59,1.61,1.63,1.63,1.65,1.67,1.69,1.71,1.71,NPgY
HESSLE ROAD 1,0,0.11,0.16,0.19,0.21,0.25,0.27,0.28,0.29,0.31,0.22,0.23,0.24,0.26,0.27,0.28,0.3,0.31,0.33,0.34,0.36,0.37,0.38,0.38,0.39,0.4,0.41,0.42,0.42,0.43,0.44,0.45,0.46,0.46,NPgY
HESSLE ROAD 2,0,0.13,0.2,0.23,0.27,0.32,0.33,0.35,0.36,0.38,0.28,0.28,0.3,0.33,0.33,0.35,0.37,0.39,0.41,0.43,0.44,0.46,0.47,0.48,0.49,0.5,0.51,0.52,0.52,0.54,0.55,0.56,0.57,0.57,NPgY
HIBALDSTOW,0.48,0.75,0.88,0.95,1.02,1.12,1.15,1.19,1.21,1.25,1.04,1.06,1.09,1.14,1.15,1.19,1.23,1.27,1.31,1.35,1.38,1.41,1.43,1.45,1.47,1.5,1.52,1.54,1.54,1.57,1.59,1.62,1.65,1.64,NPgY
HICKLETON,5.13,7.26,7.32,7.35,7.39,7.44,7.45,7.47,7.48,7.5,7.4,7.41,7.42,7.45,7.45,7.47,7.49,7.51,7.53,7.55,7.56,7.57,7.59,7.6,7.61,7.62,7.63,7.64,7.64,7.65,7.66,7.68,7.69,7.69,NPgY
HILLCREST,0.34,0.79,1.01,1.13,1.24,1.41,1.46,1.51,1.56,1.63,1.27,1.3,1.36,1.44,1.46,1.52,1.58,1.66,1.73,1.78,1.83,1.88,1.92,1.95,1.99,2.03,2.06,2.1,2.11,2.15,2.19,2.23,2.28,2.27,NPgY
HOLBECK,0,0.42,0.62,0.72,0.82,0.98,1.03,1.08,1.12,1.18,0.86,0.88,0.94,1.01,1.03,1.09,1.14,1.21,1.27,1.32,1.37,1.42,1.46,1.48,1.52,1.55,1.59,1.62,1.62,1.66,1.7,1.74,1.79,1.78,NPgY
HOLDERNESS,0,0.2,0.29,0.34,0.39,0.47,0.49,0.51,0.53,0.56,0.41,0.42,0.44,0.48,0.49,0.51,0.54,0.57,0.6,0.63,0.65,0.67,0.69,0.7,0.72,0.74,0.75,0.77,0.77,0.79,0.81,0.83,0.85,0.84,NPgY
HOLME UPON SPALDING MOOR,0,0.18,0.26,0.31,0.35,0.42,0.44,0.46,0.48,0.5,0.36,0.37,0.4,0.43,0.44,0.46,0.48,0.51,0.54,0.56,0.58,0.6,0.62,0.63,0.64,0.66,0.67,0.69,0.69,0.7,0.72,0.74,0.76,0.75,NPgY
HONLEY,2,2.26,2.39,2.46,2.52,2.62,2.65,2.68,2.71,2.75,2.54,2.56,2.59,2.64,2.65,2.68,2.72,2.76,2.8,2.83,2.86,2.89,2.92,2.93,2.96,2.98,3,3.02,3.02,3.05,3.07,3.1,3.12,3.12,NPgY
HOPE,0.78,0.94,1.02,1.06,1.1,1.16,1.18,1.2,1.21,1.24,1.11,1.12,1.14,1.17,1.18,1.2,1.22,1.25,1.27,1.29,1.31,1.33,1.34,1.35,1.37,1.38,1.39,1.41,1.41,1.42,1.44,1.45,1.47,1.47,NPgY
HORBURY,0,0.26,0.38,0.45,0.51,0.61,0.64,0.67,0.7,0.73,0.53,0.55,0.58,0.63,0.64,0.67,0.71,0.75,0.79,0.82,0.85,0.88,0.9,0.92,0.94,0.96,0.98,1.01,1.01,1.03,1.06,1.08,1.11,1.1,NPgY
HOUGHTON MAIN,3.8,3.94,4.01,4.05,4.08,4.14,4.15,4.17,4.18,4.21,4.09,4.1,4.12,4.15,4.15,4.17,4.19,4.21,4.24,4.25,4.27,4.28,4.3,4.31,4.32,4.33,4.34,4.35,4.36,4.37,4.38,4.4,4.41,4.41,NPgY
HULL EAST 33/11KV,0,0.24,0.35,0.41,0.47,0.56,0.58,0.61,0.64,0.67,0.48,0.5,0.53,0.57,0.59,0.62,0.65,0.69,0.72,0.75,0.78,0.8,0.83,0.84,0.86,0.88,0.9,0.92,0.92,0.94,0.96,0.99,1.01,1.01,NPgY
HUMBER ROAD,0,0.01,0.01,0.02,0.02,0.02,0.02,0.02,0.02,0.03,0.02,0.02,0.02,0.02,0.02,0.02,0.03,0.03,0.03,0.03,0.03,0.03,0.03,0.03,0.03,0.03,0.03,0.04,0.04,0.04,0.04,0.04,0.04,0.04,NPgY
HUNMANBY,0,0.19,0.28,0.33,0.38,0.45,0.47,0.49,0.51,0.54,0.39,0.4,0.43,0.46,0.47,0.5,0.52,0.55,0.58,0.6,0.63,0.65,0.67,0.68,0.69,0.71,0.72,0.74,0.74,0.76,0.78,0.79,0.81,0.81,NPgY
ICI FIBRES,8.09,8.21,8.28,8.31,8.34,8.39,8.4,8.42,8.43,8.45,8.35,8.36,8.37,8.4,8.4,8.42,8.43,8.46,8.47,8.49,8.51,8.52,8.53,8.54,8.55,8.56,8.57,8.58,8.58,8.59,8.6,8.62,8.63,8.63,NPgY
IDLE,0,0.22,0.33,0.38,0.44,0.52,0.54,0.57,0.59,0.63,0.45,0.47,0.5,0.54,0.55,0.57,0.6,0.64,0.67,0.7,0.73,0.75,0.77,0.79,0.8,0.82,0.84,0.86,0.86,0.88,0.9,0.92,0.95,0.94,NPgY
ILKLEY,0,0.45,0.66,0.77,0.88,1.05,1.1,1.16,1.2,1.27,0.92,0.95,1,1.08,1.11,1.16,1.22,1.3,1.36,1.42,1.47,1.52,1.56,1.59,1.63,1.66,1.7,1.74,1.74,1.78,1.82,1.87,1.91,1.9,NPgY
INGS LANE,0,0.14,0.2,0.24,0.27,0.32,0.34,0.35,0.37,0.39,0.28,0.29,0.31,0.33,0.34,0.36,0.37,0.4,0.42,0.44,0.45,0.47,0.48,0.49,0.5,0.51,0.52,0.53,0.53,0.55,0.56,0.57,0.59,0.58,NPgY
IVESON HOUSE,0,0.36,0.53,0.62,0.71,0.84,0.88,0.92,0.96,1.02,0.73,0.76,0.8,0.87,0.89,0.93,0.98,1.04,1.09,1.14,1.18,1.22,1.25,1.27,1.3,1.33,1.36,1.39,1.39,1.42,1.46,1.49,1.53,1.52,NPgY
JARRATT STREET,2.48,2.99,3.24,3.37,3.49,3.69,3.74,3.81,3.86,3.94,3.53,3.57,3.63,3.72,3.75,3.81,3.88,3.97,4.05,4.11,4.17,4.22,4.27,4.3,4.34,4.39,4.43,4.47,4.47,4.52,4.57,4.62,4.67,4.66,NPgY
KEDDINGTON ROAD,0,0.23,0.34,0.4,0.45,0.54,0.56,0.59,0.62,0.65,0.47,0.48,0.51,0.55,0.57,0.6,0.63,0.66,0.7,0.73,0.75,0.78,0.8,0.81,0.83,0.85,0.87,0.89,0.89,0.91,0.93,0.95,0.98,0.97,NPgY
KEIGHLEY,0,0.59,0.88,1.03,1.17,1.39,1.46,1.53,1.6,1.68,1.22,1.26,1.33,1.44,1.47,1.54,1.62,1.72,1.81,1.88,1.95,2.01,2.07,2.11,2.16,2.2,2.25,2.3,2.31,2.36,2.42,2.47,2.53,2.53,NPgY
KENMORE ROAD,0,0.1,0.14,0.17,0.19,0.23,0.24,0.25,0.26,0.27,0.2,0.2,0.22,0.23,0.24,0.25,0.26,0.28,0.29,0.31,0.32,0.33,0.34,0.34,0.35,0.36,0.37,0.37,0.38,0.38,0.39,0.4,0.41,0.41,NPgY
KILLINGHALL ROAD,0,0.03,0.04,0.05,0.06,0.07,0.07,0.07,0.08,0.08,0.06,0.06,0.06,0.07,0.07,0.07,0.08,0.08,0.09,0.09,0.09,0.1,0.1,0.1,0.1,0.11,0.11,0.11,0.11,0.11,0.12,0.12,0.12,0.12,NPgY
KILNHURST,0,0.33,0.49,0.57,0.65,0.77,0.81,0.85,0.88,0.93,0.67,0.7,0.74,0.8,0.81,0.85,0.9,0.95,1,1.04,1.08,1.12,1.15,1.17,1.19,1.22,1.25,1.28,1.28,1.31,1.34,1.37,1.4,1.4,NPgY
KING GEORGE DOCK,0,0.03,0.04,0.05,0.06,0.07,0.07,0.07,0.08,0.08,0.06,0.06,0.06,0.07,0.07,0.07,0.08,0.08,0.09,0.09,0.09,0.1,0.1,0.1,0.1,0.11,0.11,0.11,0.11,0.11,0.12,0.12,0.12,0.12,NPgY
KIRK DRIVE,0,0.19,0.28,0.33,0.38,0.45,0.47,0.5,0.52,0.54,0.39,0.41,0.43,0.46,0.47,0.5,0.52,0.56,0.59,0.61,0.63,0.65,0.67,0.68,0.7,0.71,0.73,0.74,0.75,0.76,0.78,0.8,0.82,0.82,NPgY
KIRK SANDALL,0,0.19,0.28,0.33,0.37,0.44,0.47,0.49,0.51,0.54,0.39,0.4,0.42,0.46,0.47,0.49,0.52,0.55,0.58,0.6,0.62,0.64,0.66,0.67,0.69,0.7,0.72,0.73,0.74,0.75,0.77,0.79,0.81,0.8,NPgY
KIRKBURN,3.13,3.31,3.39,3.44,3.48,3.55,3.57,3.59,3.61,3.64,3.49,3.51,3.53,3.56,3.57,3.59,3.62,3.65,3.67,3.7,3.72,3.74,3.75,3.77,3.78,3.79,3.81,3.82,3.83,3.84,3.86,3.88,3.89,3.89,NPgY
KIVETON PARK,0,0.14,0.22,0.25,0.29,0.34,0.36,0.38,0.39,0.41,0.3,0.31,0.33,0.35,0.36,0.38,0.4,0.42,0.44,0.46,0.48,0.49,0.51,0.52,0.53,0.54,0.55,0.56,0.57,0.58,0.59,0.61,0.62,0.62,NPgY
KNOSTROP,0,0,0,0,0,0,0,0,0,0,0,0,0,0,0,0,0,0,0,0,0,0,0,0,0,0,0,0,0,0,0,0,0,0,NPgY
LEA ROAD,0.5,0.76,0.89,0.95,1.02,1.11,1.14,1.17,1.2,1.24,1.04,1.05,1.08,1.13,1.15,1.18,1.21,1.26,1.3,1.33,1.36,1.39,1.41,1.43,1.45,1.47,1.49,1.51,1.51,1.54,1.56,1.59,1.61,1.61,NPgY
LEASOWE ROAD,0,0.22,0.33,0.38,0.44,0.52,0.55,0.57,0.6,0.63,0.45,0.47,0.5,0.54,0.55,0.58,0.6,0.64,0.67,0.7,0.73,0.75,0.77,0.79,0.8,0.82,0.84,0.86,0.86,0.88,0.9,0.92,0.94,0.94,NPgY
LEDSTON,0,0.21,0.31,0.37,0.42,0.5,0.52,0.55,0.57,0.6,0.43,0.45,0.47,0.51,0.52,0.55,0.58,0.61,0.64,0.67,0.69,0.72,0.74,0.75,0.77,0.78,0.8,0.82,0.82,0.84,0.86,0.88,0.9,0.9,NPgY
LEEDS ROAD,0,0.09,0.14,0.16,0.19,0.22,0.23,0.24,0.25,0.27,0.19,0.2,0.21,0.23,0.23,0.24,0.26,0.27,0.29,0.3,0.31,0.32,0.33,0.33,0.34,0.35,0.36,0.36,0.37,0.37,0.38,0.39,0.4,0.4,NPgY
LEGRAMS MILL LANE,0,0.31,0.46,0.54,0.62,0.73,0.77,0.81,0.84,0.88,0.64,0.66,0.7,0.76,0.77,0.81,0.85,0.91,0.95,0.99,1.03,1.06,1.09,1.11,1.13,1.16,1.18,1.21,1.21,1.24,1.27,1.3,1.33,1.33,NPgY
LEYLANDS ROAD,0,0.5,0.75,0.87,1,1.19,1.24,1.3,1.36,1.43,1.03,1.07,1.13,1.22,1.25,1.31,1.38,1.46,1.54,1.6,1.66,1.71,1.76,1.79,1.83,1.87,1.91,1.96,1.96,2,2.05,2.1,2.15,2.14,NPgY
LIVERSEDGE,0,0.29,0.43,0.51,0.58,0.69,0.72,0.75,0.79,0.83,0.6,0.62,0.65,0.71,0.72,0.76,0.8,0.85,0.89,0.93,0.96,0.99,1.02,1.04,1.06,1.09,1.11,1.13,1.14,1.16,1.19,1.22,1.25,1.24,NPgY
LOUTH,0.57,1.04,1.27,1.39,1.51,1.68,1.74,1.79,1.84,1.91,1.54,1.57,1.63,1.72,1.74,1.8,1.86,1.95,2.02,2.07,2.13,2.18,2.22,2.25,2.29,2.33,2.37,2.41,2.41,2.46,2.5,2.55,2.59,2.59,NPgY
LOW MOOR,9.5,9.66,9.74,9.79,9.83,9.89,9.91,9.93,9.94,9.97,9.84,9.85,9.87,9.9,9.91,9.93,9.95,9.98,10,10.02,10.04,10.06,10.08,10.09,10.1,10.11,10.13,10.14,10.14,10.16,10.17,10.19,10.21,10.2,NPgY
LOWFIELDS,0,0.08,0.12,0.14,0.15,0.18,0.19,0.2,0.21,0.22,0.16,0.17,0.18,0.19,0.19,0.2,0.21,0.23,0.24,0.25,0.26,0.27,0.27,0.28,0.29,0.29,0.3,0.3,0.3,0.31,0.32,0.33,0.33,0.33,NPgY
LOXLEY ROAD,0,0.06,0.08,0.1,0.11,0.13,0.14,0.15,0.15,0.16,0.12,0.12,0.13,0.14,0.14,0.15,0.15,0.16,0.17,0.18,0.19,0.19,0.2,0.2,0.21,0.21,0.21,0.22,0.22,0.22,0.23,0.24,0.24,0.24,NPgY
MANCHESTER ROAD,0,0.37,0.55,0.64,0.73,0.87,0.91,0.95,0.99,1.04,0.75,0.78,0.82,0.89,0.91,0.96,1.01,1.07,1.12,1.17,1.21,1.25,1.28,1.31,1.34,1.37,1.4,1.43,1.43,1.46,1.5,1.53,1.57,1.57,NPgY
MANSFIELD ROAD 1,0,0.12,0.18,0.2,0.23,0.28,0.29,0.31,0.32,0.34,0.24,0.25,0.27,0.29,0.29,0.31,0.32,0.34,0.36,0.38,0.39,0.4,0.41,0.42,0.43,0.44,0.45,0.46,0.46,0.47,0.48,0.49,0.51,0.5,NPgY
MANSFIELD ROAD 2,0,0.07,0.1,0.11,0.13,0.15,0.16,0.17,0.18,0.19,0.13,0.14,0.15,0.16,0.16,0.17,0.18,0.19,0.2,0.21,0.22,0.22,0.23,0.23,0.24,0.24,0.25,0.26,0.26,0.26,0.27,0.27,0.28,0.28,NPgY
MARKHAM GATES,0,0.23,0.35,0.4,0.46,0.55,0.58,0.6,0.63,0.66,0.48,0.49,0.52,0.57,0.58,0.61,0.64,0.68,0.71,0.74,0.77,0.79,0.81,0.83,0.85,0.87,0.89,0.91,0.91,0.93,0.95,0.97,1,0.99,NPgY
MARMION ROAD,0,0.51,0.75,0.88,1,1.19,1.25,1.31,1.37,1.44,1.04,1.07,1.14,1.23,1.26,1.32,1.39,1.47,1.55,1.61,1.67,1.72,1.77,1.8,1.85,1.89,1.93,1.97,1.97,2.02,2.07,2.12,2.17,2.16,NPgY
MARSDEN ROAD,0,0.2,0.3,0.35,0.4,0.47,0.5,0.52,0.54,0.57,0.41,0.43,0.45,0.49,0.5,0.53,0.55,0.59,0.62,0.64,0.66,0.69,0.7,0.72,0.73,0.75,0.77,0.78,0.79,0.8,0.82,0.84,0.86,0.86,NPgY
MARTONGATE,0,0.28,0.42,0.49,0.56,0.66,0.7,0.73,0.76,0.8,0.58,0.6,0.63,0.68,0.7,0.74,0.77,0.82,0.86,0.9,0.93,0.96,0.99,1,1.03,1.05,1.07,1.1,1.1,1.12,1.15,1.18,1.21,1.2,NPgY
MELTHAM,0.76,0.91,0.99,1.03,1.07,1.12,1.14,1.16,1.18,1.2,1.08,1.09,1.11,1.14,1.14,1.16,1.18,1.21,1.23,1.25,1.27,1.29,1.3,1.31,1.32,1.34,1.35,1.36,1.36,1.38,1.39,1.41,1.42,1.42,NPgY
MEXBOROUGH 1_2,0,0.48,0.72,0.84,0.96,1.14,1.19,1.25,1.3,1.37,0.99,1.03,1.09,1.17,1.2,1.26,1.32,1.41,1.48,1.54,1.59,1.64,1.69,1.72,1.76,1.8,1.84,1.88,1.88,1.93,1.97,2.02,2.07,2.06,NPgY
MIDDLETON TOWN STREET,1.48,1.72,1.84,1.9,1.96,2.06,2.08,2.11,2.14,2.18,1.98,2,2.03,2.07,2.09,2.12,2.15,2.19,2.23,2.26,2.29,2.31,2.34,2.35,2.37,2.39,2.41,2.44,2.44,2.46,2.48,2.51,2.53,2.53,NPgY
MILLHOUSES,0,0.13,0.19,0.22,0.25,0.3,0.32,0.33,0.34,0.36,0.26,0.27,0.29,0.31,0.32,0.33,0.35,0.37,0.39,0.41,0.42,0.43,0.45,0.46,0.47,0.48,0.49,0.5,0.5,0.51,0.52,0.53,0.55,0.55,NPgY
MILLROYD STREET,0,0.38,0.57,0.67,0.76,0.9,0.95,0.99,1.03,1.09,0.79,0.81,0.86,0.93,0.95,1,1.05,1.12,1.17,1.22,1.26,1.3,1.34,1.37,1.4,1.43,1.46,1.49,1.49,1.53,1.57,1.6,1.64,1.64,NPgY
MILTON PLACE,1.73,2.11,2.3,2.39,2.49,2.63,2.67,2.72,2.76,2.82,2.51,2.54,2.59,2.66,2.68,2.73,2.78,2.84,2.9,2.95,2.99,3.03,3.07,3.09,3.12,3.15,3.19,3.22,3.22,3.26,3.29,3.33,3.37,3.36,NPgY
MIRFIELD,1.5,1.84,2,2.08,2.17,2.29,2.33,2.37,2.41,2.46,2.19,2.21,2.26,2.32,2.33,2.38,2.42,2.48,2.53,2.57,2.61,2.64,2.68,2.7,2.73,2.75,2.78,2.81,2.81,2.84,2.87,2.91,2.94,2.94,NPgY
MONCKTON,9.5,9.67,9.75,9.8,9.84,9.9,9.92,9.94,9.96,9.98,9.85,9.86,9.88,9.91,9.92,9.94,9.97,10,10.02,10.04,10.06,10.08,10.1,10.11,10.12,10.14,10.15,10.16,10.17,10.18,10.2,10.21,10.23,10.23,NPgY
MOOR ROAD,0,0.49,0.74,0.86,0.98,1.17,1.22,1.28,1.33,1.41,1.02,1.05,1.11,1.2,1.23,1.29,1.36,1.44,1.51,1.57,1.63,1.69,1.73,1.76,1.8,1.84,1.88,1.93,1.93,1.98,2.02,2.07,2.12,2.11,NPgY
MOORSIDE ROAD,0,0.31,0.46,0.53,0.61,0.73,0.76,0.8,0.83,0.88,0.63,0.65,0.69,0.75,0.76,0.8,0.84,0.9,0.94,0.98,1.02,1.05,1.08,1.1,1.12,1.15,1.17,1.2,1.2,1.23,1.26,1.29,1.32,1.32,NPgY
MORLEY,1.48,1.84,2.02,2.11,2.2,2.34,2.38,2.42,2.46,2.51,2.23,2.25,2.3,2.36,2.38,2.43,2.48,2.54,2.59,2.64,2.68,2.72,2.75,2.78,2.81,2.83,2.86,2.9,2.9,2.93,2.96,3,3.04,3.03,NPgY
MOUNT STREET,0,0.31,0.47,0.54,0.62,0.74,0.77,0.81,0.84,0.89,0.64,0.66,0.7,0.76,0.78,0.82,0.86,0.91,0.96,1,1.03,1.07,1.1,1.12,1.14,1.17,1.19,1.22,1.22,1.25,1.28,1.31,1.34,1.34,NPgY
MYTHOLMROYD,0,0.32,0.47,0.55,0.63,0.75,0.79,0.82,0.86,0.91,0.65,0.68,0.72,0.77,0.79,0.83,0.87,0.93,0.97,1.01,1.05,1.08,1.11,1.14,1.16,1.19,1.21,1.24,1.24,1.27,1.3,1.33,1.37,1.36,NPgY
NAB LANE,1.3,1.51,1.6,1.65,1.7,1.78,1.8,1.83,1.85,1.88,1.72,1.73,1.76,1.79,1.81,1.83,1.86,1.89,1.92,1.95,1.97,1.99,2.01,2.02,2.04,2.06,2.07,2.09,2.09,2.11,2.13,2.15,2.17,2.17,NPgY
NABWOOD,0,0.22,0.33,0.39,0.45,0.53,0.56,0.58,0.61,0.64,0.46,0.48,0.51,0.55,0.56,0.59,0.62,0.66,0.69,0.72,0.74,0.77,0.79,0.8,0.82,0.84,0.86,0.88,0.88,0.9,0.92,0.94,0.96,0.96,NPgY
NATIONAL AVENUE,0,0.15,0.22,0.26,0.3,0.35,0.37,0.39,0.4,0.42,0.31,0.32,0.34,0.36,0.37,0.39,0.41,0.43,0.46,0.48,0.49,0.51,0.52,0.53,0.54,0.56,0.57,0.58,0.58,0.6,0.61,0.63,0.64,0.64,NPgY
NEW DROPPINGWELL ROAD,0.48,0.58,0.63,0.65,0.68,0.72,0.73,0.74,0.75,0.77,0.69,0.69,0.71,0.72,0.73,0.74,0.76,0.77,0.79,0.8,0.81,0.83,0.83,0.84,0.85,0.86,0.87,0.88,0.88,0.89,0.9,0.91,0.92,0.91,NPgY
NEW ORCHARD LANE,0,0.19,0.28,0.33,0.38,0.45,0.47,0.49,0.51,0.54,0.39,0.4,0.43,0.46,0.47,0.5,0.52,0.55,0.58,0.6,0.63,0.65,0.67,0.68,0.69,0.71,0.72,0.74,0.74,0.76,0.78,0.79,0.81,0.81,NPgY
NEWHALL ROAD,0,0.29,0.43,0.5,0.57,0.68,0.71,0.75,0.78,0.82,0.59,0.61,0.65,0.7,0.72,0.75,0.79,0.84,0.88,0.92,0.95,0.98,1.01,1.03,1.05,1.08,1.1,1.13,1.13,1.15,1.18,1.21,1.24,1.23,NPgY
NEWPORT 1,7.99,8.16,8.24,8.28,8.32,8.38,8.4,8.42,8.44,8.46,8.33,8.34,8.36,8.39,8.4,8.42,8.45,8.47,8.5,8.52,8.54,8.56,8.57,8.58,8.6,8.61,8.62,8.64,8.64,8.65,8.67,8.68,8.7,8.7,NPgY
NEWPORT 2,0,0,0,0,0.01,0.01,0.01,0.01,0.01,0.01,0.01,0.01,0.01,0.01,0.01,0.01,0.01,0.01,0.01,0.01,0.01,0.01,0.01,0.01,0.01,0.01,0.01,0.01,0.01,0.01,0.01,0.01,0.01,0.01,NPgY
NINELANDS LANE,2.26,2.62,2.79,2.88,2.96,3.1,3.14,3.18,3.22,3.27,2.99,3.01,3.06,3.12,3.14,3.19,3.23,3.3,3.35,3.39,3.43,3.47,3.5,3.53,3.56,3.58,3.61,3.64,3.65,3.68,3.71,3.75,3.78,3.78,NPgY
NORFOLK PARK,0,0.17,0.26,0.3,0.35,0.41,0.43,0.45,0.47,0.5,0.36,0.37,0.39,0.43,0.43,0.46,0.48,0.51,0.54,0.56,0.58,0.6,0.61,0.62,0.64,0.65,0.67,0.68,0.68,0.7,0.72,0.73,0.75,0.75,NPgY
NORMANBY,0,0.15,0.22,0.25,0.29,0.35,0.36,0.38,0.4,0.42,0.3,0.31,0.33,0.36,0.36,0.38,0.4,0.43,0.45,0.47,0.48,0.5,0.51,0.52,0.53,0.55,0.56,0.57,0.57,0.58,0.6,0.61,0.63,0.62,NPgY
NORMANTON,0,0.27,0.41,0.47,0.54,0.64,0.67,0.71,0.74,0.78,0.56,0.58,0.61,0.66,0.68,0.71,0.75,0.8,0.84,0.87,0.9,0.93,0.96,0.97,1,1.02,1.04,1.06,1.07,1.09,1.12,1.14,1.17,1.17,NPgY
NORTH AVENUE,0.8,1.24,1.45,1.56,1.66,1.83,1.88,1.93,1.98,2.04,1.7,1.73,1.78,1.86,1.88,1.94,2,2.07,2.14,2.19,2.24,2.29,2.33,2.36,2.39,2.43,2.46,2.5,2.51,2.54,2.59,2.63,2.67,2.67,NPgY
NORTH THORESBY,0,0.06,0.09,0.1,0.12,0.14,0.15,0.16,0.16,0.17,0.12,0.13,0.13,0.15,0.15,0.16,0.16,0.17,0.18,0.19,0.2,0.2,0.21,0.21,0.22,0.22,0.23,0.23,0.23,0.24,0.25,0.25,0.26,0.26,NPgY
NORWOOD,0,0.36,0.53,0.62,0.71,0.84,0.88,0.93,0.96,1.02,0.73,0.76,0.8,0.87,0.89,0.93,0.98,1.04,1.09,1.14,1.18,1.22,1.25,1.27,1.3,1.33,1.36,1.39,1.39,1.43,1.46,1.49,1.53,1.53,NPgY
OAKES ROAD,0,0.19,0.29,0.33,0.38,0.45,0.48,0.5,0.52,0.55,0.4,0.41,0.43,0.47,0.48,0.5,0.53,0.56,0.59,0.61,0.64,0.66,0.67,0.69,0.7,0.72,0.73,0.75,0.75,0.77,0.79,0.81,0.83,0.82,NPgY
OAKWOOD LANE,0,0.1,0.14,0.17,0.19,0.23,0.24,0.25,0.26,0.28,0.2,0.21,0.22,0.24,0.24,0.25,0.27,0.28,0.3,0.31,0.32,0.33,0.34,0.35,0.35,0.36,0.37,0.38,0.38,0.39,0.4,0.41,0.42,0.41,NPgY
ODSAL,0,0.3,0.45,0.53,0.6,0.72,0.75,0.79,0.82,0.87,0.63,0.65,0.68,0.74,0.76,0.8,0.84,0.89,0.93,0.97,1.01,1.04,1.07,1.09,1.11,1.14,1.16,1.19,1.19,1.22,1.25,1.28,1.31,1.3,NPgY
OLYMPIA MILLS,3.33,3.69,3.87,3.97,4.06,4.19,4.24,4.28,4.32,4.37,4.08,4.11,4.15,4.22,4.24,4.29,4.34,4.4,4.45,4.5,4.54,4.58,4.62,4.64,4.67,4.7,4.73,4.76,4.76,4.8,4.83,4.87,4.91,4.9,NPgY
ORGREAVE,0,0.16,0.23,0.27,0.31,0.37,0.38,0.4,0.42,0.44,0.32,0.33,0.35,0.38,0.39,0.41,0.43,0.45,0.48,0.49,0.51,0.53,0.54,0.55,0.57,0.58,0.59,0.61,0.61,0.62,0.64,0.65,0.67,0.66,NPgY
OUTWOOD,0,0.2,0.3,0.35,0.39,0.47,0.49,0.52,0.54,0.57,0.41,0.42,0.45,0.48,0.49,0.52,0.55,0.58,0.61,0.63,0.66,0.68,0.7,0.71,0.73,0.74,0.76,0.77,0.78,0.79,0.81,0.83,0.85,0.85,NPgY
PARK HILL,0,0.29,0.43,0.5,0.57,0.68,0.71,0.75,0.78,0.82,0.59,0.61,0.65,0.7,0.71,0.75,0.79,0.84,0.88,0.91,0.95,0.98,1.01,1.03,1.05,1.07,1.09,1.12,1.12,1.15,1.17,1.2,1.23,1.23,NPgY
PARK ROAD,0,0.48,0.72,0.84,0.96,1.14,1.19,1.25,1.3,1.37,0.99,1.03,1.09,1.17,1.2,1.26,1.32,1.41,1.48,1.54,1.59,1.64,1.69,1.72,1.76,1.8,1.84,1.88,1.88,1.93,1.97,2.02,2.07,2.06,NPgY
PARK STREET,1.6,1.98,2.16,2.26,2.35,2.49,2.54,2.58,2.62,2.68,2.38,2.41,2.45,2.52,2.54,2.59,2.64,2.7,2.76,2.81,2.85,2.89,2.93,2.95,2.98,3.01,3.04,3.08,3.08,3.11,3.15,3.19,3.23,3.22,NPgY
PASTURE ROAD SOUTH,0.32,0.52,0.61,0.66,0.71,0.79,0.81,0.83,0.86,0.88,0.73,0.74,0.77,0.8,0.81,0.84,0.86,0.9,0.93,0.95,0.97,1,1.01,1.03,1.04,1.06,1.08,1.09,1.09,1.11,1.13,1.15,1.17,1.17,NPgY
PATRINGTON ROAD,0,0.18,0.27,0.32,0.36,0.43,0.45,0.47,0.49,0.52,0.38,0.39,0.41,0.44,0.45,0.48,0.5,0.53,0.56,0.58,0.6,0.62,0.64,0.65,0.67,0.68,0.7,0.71,0.71,0.73,0.75,0.77,0.78,0.78,NPgY
PENISTONE,0,0.24,0.36,0.42,0.48,0.57,0.6,0.63,0.65,0.69,0.5,0.51,0.54,0.59,0.6,0.63,0.66,0.71,0.74,0.77,0.8,0.82,0.85,0.86,0.88,0.9,0.92,0.94,0.94,0.97,0.99,1.01,1.04,1.03,NPgY
PENISTONE ROAD,2.5,2.82,2.97,3.05,3.13,3.25,3.28,3.32,3.36,3.4,3.15,3.17,3.21,3.27,3.29,3.33,3.37,3.43,3.47,3.51,3.55,3.58,3.61,3.63,3.66,3.68,3.71,3.74,3.74,3.77,3.8,3.83,3.86,3.85,NPgY
PLANGEO,0,0.45,0.67,0.79,0.9,1.07,1.12,1.18,1.22,1.29,0.93,0.96,1.02,1.1,1.13,1.18,1.24,1.32,1.39,1.44,1.5,1.55,1.59,1.62,1.65,1.69,1.73,1.77,1.77,1.81,1.85,1.9,1.95,1.94,NPgY
POLLINGTON,0,0.14,0.21,0.25,0.28,0.34,0.35,0.37,0.39,0.41,0.29,0.3,0.32,0.35,0.35,0.37,0.39,0.42,0.44,0.45,0.47,0.49,0.5,0.51,0.52,0.53,0.54,0.56,0.56,0.57,0.58,0.6,0.61,0.61,NPgY
PONTEFRACT LANE 1/2,0,0.12,0.17,0.2,0.23,0.27,0.29,0.3,0.31,0.33,0.24,0.25,0.26,0.28,0.29,0.3,0.32,0.34,0.36,0.37,0.38,0.4,0.41,0.41,0.42,0.43,0.44,0.45,0.45,0.46,0.47,0.49,0.5,0.5,NPgY
POOL,0,0.11,0.17,0.2,0.22,0.27,0.28,0.29,0.31,0.32,0.23,0.24,0.25,0.28,0.28,0.3,0.31,0.33,0.35,0.36,0.37,0.39,0.4,0.4,0.41,0.42,0.43,0.44,0.44,0.45,0.46,0.47,0.49,0.48,NPgY
PRINCE OF WALES,1.9,2.25,2.42,2.51,2.59,2.73,2.77,2.81,2.85,2.9,2.62,2.64,2.69,2.75,2.77,2.82,2.86,2.92,2.97,3.02,3.06,3.09,3.13,3.15,3.18,3.21,3.24,3.27,3.27,3.3,3.33,3.37,3.4,3.4,NPgY
PROSPECT ROAD,3.33,3.45,3.52,3.55,3.58,3.63,3.64,3.66,3.67,3.69,3.59,3.6,3.62,3.64,3.65,3.66,3.68,3.7,3.72,3.74,3.75,3.77,3.78,3.79,3.8,3.81,3.82,3.83,3.83,3.84,3.85,3.87,3.88,3.88,NPgY
QUEENS ROAD,2.38,2.53,2.61,2.64,2.68,2.74,2.76,2.78,2.79,2.82,2.69,2.7,2.72,2.75,2.76,2.78,2.8,2.83,2.85,2.87,2.89,2.9,2.92,2.93,2.94,2.95,2.96,2.98,2.98,2.99,3.01,3.02,3.04,3.04,NPgY
QUEENSBURY,0,0.27,0.41,0.48,0.54,0.65,0.68,0.71,0.74,0.78,0.56,0.58,0.62,0.67,0.68,0.72,0.75,0.8,0.84,0.87,0.91,0.94,0.96,0.98,1,1.03,1.05,1.07,1.07,1.1,1.12,1.15,1.18,1.18,NPgY
RAWCLIFFE,0,0.07,0.1,0.12,0.14,0.16,0.17,0.18,0.19,0.2,0.14,0.15,0.15,0.17,0.17,0.18,0.19,0.2,0.21,0.22,0.23,0.23,0.24,0.24,0.25,0.26,0.26,0.27,0.27,0.27,0.28,0.29,0.29,0.29,NPgY
RAWDON,0,0.31,0.46,0.54,0.61,0.73,0.76,0.8,0.83,0.88,0.63,0.65,0.69,0.75,0.76,0.8,0.84,0.9,0.94,0.98,1.02,1.05,1.08,1.1,1.12,1.15,1.17,1.2,1.2,1.23,1.26,1.29,1.32,1.32,NPgY
RAWMARSH ROAD 1_2,0,0.53,0.79,0.92,1.05,1.25,1.31,1.37,1.43,1.51,1.09,1.12,1.19,1.29,1.31,1.38,1.45,1.54,1.62,1.69,1.75,1.8,1.85,1.89,1.93,1.97,2.02,2.06,2.07,2.11,2.16,2.21,2.27,2.26,NPgY
RAWMARSH ROAD 3_4,0,0.52,0.77,0.9,1.02,1.22,1.28,1.34,1.39,1.47,1.06,1.1,1.16,1.26,1.28,1.35,1.42,1.51,1.58,1.64,1.71,1.76,1.81,1.84,1.88,1.93,1.97,2.01,2.02,2.06,2.11,2.16,2.21,2.21,NPgY
RAWSON ROAD,0.38,0.94,1.21,1.35,1.49,1.7,1.76,1.83,1.89,1.97,1.53,1.56,1.63,1.74,1.76,1.83,1.91,2,2.09,2.15,2.22,2.28,2.33,2.37,2.41,2.46,2.5,2.55,2.55,2.6,2.66,2.71,2.77,2.76,NPgY
RAWSON SPRING ROAD,0,0.11,0.17,0.19,0.22,0.26,0.28,0.29,0.3,0.32,0.23,0.24,0.25,0.27,0.28,0.29,0.31,0.32,0.34,0.35,0.37,0.38,0.39,0.4,0.41,0.41,0.42,0.43,0.43,0.44,0.45,0.47,0.48,0.48,NPgY
REVILL LANE,0.41,0.49,0.53,0.56,0.58,0.61,0.62,0.63,0.64,0.65,0.58,0.59,0.6,0.61,0.62,0.63,0.64,0.66,0.67,0.68,0.69,0.7,0.71,0.71,0.72,0.73,0.73,0.74,0.74,0.75,0.76,0.76,0.77,0.77,NPgY
ROCKWARE,2.85,2.92,2.95,2.97,2.99,3.02,3.02,3.03,3.04,3.05,2.99,3,3.01,3.02,3.02,3.03,3.04,3.05,3.06,3.07,3.08,3.09,3.1,3.1,3.11,3.11,3.12,3.12,3.12,3.13,3.14,3.14,3.15,3.15,NPgY
RODLEY LANE,0,0.31,0.46,0.53,0.61,0.73,0.76,0.8,0.83,0.88,0.63,0.65,0.69,0.75,0.76,0.8,0.84,0.9,0.94,0.98,1.02,1.05,1.08,1.1,1.12,1.15,1.17,1.2,1.2,1.23,1.26,1.29,1.32,1.31,NPgY
ROMAN AVENUE,0,0.2,0.3,0.35,0.4,0.47,0.49,0.52,0.54,0.57,0.41,0.42,0.45,0.49,0.5,0.52,0.55,0.58,0.61,0.64,0.66,0.68,0.7,0.71,0.73,0.74,0.76,0.78,0.78,0.8,0.82,0.84,0.86,0.85,NPgY
ROYDS LANE,8.87,9.13,9.25,9.32,9.38,9.48,9.51,9.54,9.57,9.61,9.4,9.42,9.45,9.5,9.51,9.55,9.58,9.63,9.66,9.7,9.73,9.75,9.78,9.8,9.82,9.84,9.86,9.88,9.88,9.91,9.93,9.96,9.98,9.98,NPgY
SAINT ANDREWS ROAD 33/11KV,0,0.33,0.5,0.58,0.66,0.79,0.82,0.86,0.9,0.95,0.69,0.71,0.75,0.81,0.83,0.87,0.91,0.97,1.02,1.06,1.1,1.14,1.17,1.19,1.22,1.24,1.27,1.3,1.3,1.33,1.36,1.39,1.43,1.42,NPgY
SAINT STREET,0,0.09,0.13,0.16,0.18,0.21,0.22,0.23,0.24,0.26,0.19,0.19,0.2,0.22,0.22,0.24,0.25,0.26,0.28,0.29,0.3,0.31,0.32,0.32,0.33,0.34,0.35,0.35,0.35,0.36,0.37,0.38,0.39,0.39,NPgY
SALTERFORTH,0,0.32,0.48,0.56,0.64,0.77,0.8,0.84,0.88,0.92,0.67,0.69,0.73,0.79,0.81,0.85,0.89,0.95,0.99,1.03,1.07,1.11,1.14,1.16,1.19,1.21,1.24,1.27,1.27,1.3,1.33,1.36,1.39,1.39,NPgY
SALTERHEBBLE,0,0.26,0.39,0.45,0.52,0.62,0.64,0.68,0.7,0.74,0.54,0.55,0.59,0.63,0.65,0.68,0.72,0.76,0.8,0.83,0.86,0.89,0.91,0.93,0.95,0.97,1,1.02,1.02,1.04,1.07,1.09,1.12,1.12,NPgY
SALTSHOUSE ROAD,0,0.1,0.15,0.17,0.2,0.23,0.25,0.26,0.27,0.28,0.2,0.21,0.22,0.24,0.25,0.26,0.27,0.29,0.31,0.32,0.33,0.34,0.35,0.36,0.36,0.37,0.38,0.39,0.39,0.4,0.41,0.42,0.43,0.43,NPgY
SANDHILL LANE,0,0.09,0.13,0.15,0.17,0.21,0.22,0.23,0.24,0.25,0.18,0.19,0.2,0.21,0.22,0.23,0.24,0.26,0.27,0.28,0.29,0.3,0.31,0.31,0.32,0.33,0.33,0.34,0.34,0.35,0.36,0.37,0.38,0.38,NPgY
SAXON ROAD,0,0.45,0.68,0.79,0.9,1.07,1.12,1.18,1.23,1.29,0.94,0.97,1.02,1.11,1.13,1.19,1.25,1.33,1.39,1.45,1.5,1.55,1.59,1.62,1.66,1.7,1.73,1.77,1.78,1.82,1.86,1.91,1.95,1.95,NPgY
SCARTHO,0,0.28,0.42,0.49,0.56,0.67,0.7,0.73,0.76,0.81,0.58,0.6,0.64,0.69,0.7,0.74,0.78,0.83,0.87,0.9,0.93,0.96,0.99,1.01,1.03,1.06,1.08,1.1,1.11,1.13,1.16,1.19,1.21,1.21,NPgY
SCHOLES,0,0.23,0.34,0.4,0.46,0.55,0.57,0.6,0.63,0.66,0.48,0.49,0.52,0.56,0.58,0.6,0.64,0.68,0.71,0.74,0.77,0.79,0.81,0.83,0.85,0.86,0.88,0.9,0.9,0.93,0.95,0.97,0.99,0.99,NPgY
SCISSETT,0,0.31,0.45,0.53,0.61,0.72,0.76,0.79,0.82,0.87,0.63,0.65,0.69,0.74,0.76,0.8,0.84,0.89,0.94,0.97,1.01,1.04,1.07,1.09,1.12,1.14,1.16,1.19,1.19,1.22,1.25,1.28,1.31,1.31,NPgY
SCULCOATES A,1.81,2.55,2.91,3.09,3.27,3.55,3.63,3.72,3.8,3.91,3.33,3.38,3.47,3.6,3.64,3.73,3.83,3.96,4.07,4.16,4.24,4.32,4.39,4.44,4.5,4.56,4.62,4.68,4.69,4.75,4.82,4.89,4.97,4.96,NPgY
SEACROFT,0,0.13,0.19,0.22,0.25,0.3,0.32,0.33,0.35,0.37,0.26,0.27,0.29,0.31,0.32,0.34,0.35,0.37,0.39,0.41,0.42,0.44,0.45,0.46,0.47,0.48,0.49,0.5,0.5,0.51,0.53,0.54,0.55,0.55,NPgY
SEATON,3.14,3.56,3.77,3.88,3.98,4.14,4.19,4.24,4.29,4.35,4.01,4.04,4.09,4.17,4.19,4.25,4.3,4.38,4.44,4.49,4.54,4.59,4.63,4.66,4.69,4.72,4.76,4.79,4.8,4.84,4.88,4.92,4.96,4.96,NPgY
SELBY,5.06,5.52,5.74,5.85,5.96,6.13,6.19,6.24,6.29,6.36,6,6.03,6.08,6.17,6.19,6.25,6.31,6.39,6.45,6.51,6.56,6.61,6.65,6.68,6.72,6.76,6.79,6.83,6.84,6.88,6.92,6.96,7.01,7,NPgY
SELBY ROAD,0,0.25,0.37,0.43,0.49,0.59,0.62,0.65,0.67,0.71,0.51,0.53,0.56,0.61,0.62,0.65,0.68,0.73,0.76,0.79,0.82,0.85,0.87,0.89,0.91,0.93,0.95,0.97,0.97,0.99,1.02,1.04,1.07,1.06,NPgY
SHARLSTON,0.5,0.7,0.8,0.85,0.9,0.97,1,1.02,1.04,1.07,0.91,0.93,0.95,0.99,1,1.03,1.05,1.09,1.12,1.14,1.16,1.19,1.21,1.22,1.23,1.25,1.27,1.28,1.29,1.3,1.32,1.34,1.36,1.36,NPgY
SHEPCOTE TINSLEY,0,0,0.01,0.01,0.01,0.01,0.01,0.01,0.01,0.01,0.01,0.01,0.01,0.01,0.01,0.01,0.01,0.01,0.01,0.01,0.01,0.01,0.01,0.01,0.01,0.01,0.01,0.01,0.01,0.01,0.01,0.01,0.02,0.02,NPgY
SHERBURN,0.48,0.67,0.76,0.81,0.86,0.93,0.96,0.98,1,1.03,0.88,0.89,0.91,0.95,0.96,0.98,1.01,1.04,1.07,1.09,1.12,1.14,1.16,1.17,1.18,1.2,1.22,1.23,1.23,1.25,1.27,1.29,1.31,1.31,NPgY
SHIPLEY,0,0.33,0.49,0.57,0.65,0.78,0.82,0.85,0.89,0.94,0.68,0.7,0.74,0.8,0.82,0.86,0.9,0.96,1.01,1.05,1.09,1.12,1.15,1.18,1.2,1.23,1.26,1.28,1.29,1.32,1.35,1.38,1.41,1.41,NPgY
SHIRLAND LANE,0,0.12,0.18,0.21,0.24,0.29,0.3,0.32,0.33,0.35,0.25,0.26,0.28,0.3,0.31,0.32,0.34,0.36,0.38,0.39,0.41,0.42,0.43,0.44,0.45,0.46,0.47,0.48,0.48,0.49,0.5,0.51,0.53,0.52,NPgY
SILVER STREET,0,0.35,0.52,0.61,0.7,0.83,0.87,0.91,0.95,1,0.72,0.75,0.79,0.85,0.87,0.92,0.96,1.02,1.07,1.12,1.16,1.19,1.23,1.25,1.28,1.31,1.34,1.37,1.37,1.4,1.43,1.47,1.5,1.5,NPgY
SILVERWOOD,0,0.26,0.39,0.45,0.52,0.61,0.64,0.68,0.7,0.74,0.54,0.55,0.59,0.63,0.65,0.68,0.71,0.76,0.8,0.83,0.86,0.89,0.91,0.93,0.95,0.97,0.99,1.02,1.02,1.04,1.07,1.09,1.12,1.11,NPgY
SKILLINGS LANE,7.29,7.48,7.58,7.63,7.68,7.75,7.77,7.8,7.82,7.85,7.69,7.7,7.73,7.76,7.77,7.8,7.82,7.86,7.89,7.91,7.93,7.95,7.97,7.99,8,8.02,8.03,8.05,8.05,8.07,8.09,8.11,8.13,8.12,NPgY
SKIPTON,1.45,1.95,2.2,2.32,2.44,2.63,2.69,2.75,2.8,2.88,2.48,2.51,2.58,2.67,2.69,2.76,2.82,2.91,2.98,3.05,3.1,3.16,3.2,3.24,3.28,3.32,3.36,3.4,3.41,3.45,3.5,3.55,3.6,3.59,NPgY
SLAITHWAITE,0,0.25,0.37,0.43,0.49,0.59,0.61,0.64,0.67,0.71,0.51,0.53,0.56,0.6,0.62,0.65,0.68,0.73,0.76,0.79,0.82,0.85,0.87,0.89,0.91,0.93,0.95,0.97,0.97,0.99,1.02,1.04,1.07,1.06,NPgY
SLEDMERE GARTH,0,0.06,0.1,0.11,0.13,0.15,0.16,0.17,0.17,0.18,0.13,0.14,0.15,0.16,0.16,0.17,0.18,0.19,0.2,0.21,0.21,0.22,0.23,0.23,0.24,0.24,0.25,0.25,0.25,0.26,0.26,0.27,0.28,0.28,NPgY
SMITH STREET,0,0.18,0.27,0.32,0.36,0.43,0.45,0.48,0.5,0.52,0.38,0.39,0.41,0.45,0.46,0.48,0.5,0.54,0.56,0.59,0.61,0.63,0.64,0.66,0.67,0.69,0.7,0.72,0.72,0.73,0.75,0.77,0.79,0.79,NPgY
SMITHY GREEN,0,0.12,0.17,0.2,0.23,0.27,0.29,0.3,0.31,0.33,0.24,0.25,0.26,0.28,0.29,0.3,0.32,0.34,0.35,0.37,0.38,0.39,0.41,0.41,0.42,0.43,0.44,0.45,0.45,0.46,0.47,0.49,0.5,0.5,NPgY
SNAITHING PARK ROAD,0,0.2,0.3,0.35,0.4,0.47,0.5,0.52,0.54,0.57,0.41,0.43,0.45,0.49,0.5,0.52,0.55,0.58,0.61,0.64,0.66,0.68,0.7,0.71,0.73,0.75,0.76,0.78,0.78,0.8,0.82,0.84,0.86,0.86,NPgY
SNELSINS LANE,1.52,1.69,1.78,1.82,1.87,1.93,1.95,1.97,1.99,2.02,1.88,1.89,1.91,1.94,1.95,1.98,2,2.03,2.05,2.08,2.1,2.11,2.13,2.14,2.16,2.17,2.18,2.2,2.2,2.22,2.23,2.25,2.27,2.27,NPgY
SOUTH ELMSALL,2.28,2.57,2.71,2.78,2.85,2.95,2.99,3.02,3.05,3.09,2.87,2.89,2.92,2.98,2.99,3.03,3.06,3.11,3.16,3.19,3.22,3.25,3.28,3.3,3.32,3.35,3.37,3.39,3.4,3.42,3.45,3.48,3.51,3.5,NPgY
SOUTH FERRIBY,2.38,2.49,2.55,2.58,2.6,2.65,2.66,2.67,2.69,2.7,2.61,2.62,2.63,2.66,2.66,2.68,2.69,2.71,2.73,2.74,2.76,2.77,2.78,2.79,2.8,2.81,2.81,2.82,2.83,2.84,2.85,2.86,2.87,2.87,NPgY
SOUTH KIRKBY,2.4,2.64,2.76,2.82,2.88,2.97,3,3.03,3.05,3.09,2.9,2.91,2.94,2.99,3,3.03,3.06,3.11,3.14,3.17,3.2,3.22,3.25,3.26,3.28,3.3,3.32,3.34,3.34,3.37,3.39,3.41,3.44,3.43,NPgY
SOUTH RESTON,0,0.14,0.21,0.25,0.28,0.34,0.35,0.37,0.38,0.4,0.29,0.3,0.32,0.35,0.35,0.37,0.39,0.41,0.44,0.45,0.47,0.48,0.5,0.51,0.52,0.53,0.54,0.55,0.55,0.57,0.58,0.59,0.61,0.61,NPgY
SOUTH STREET,0,0.21,0.31,0.36,0.41,0.49,0.52,0.54,0.56,0.59,0.43,0.44,0.47,0.51,0.52,0.54,0.57,0.61,0.64,0.66,0.69,0.71,0.73,0.74,0.76,0.78,0.8,0.81,0.81,0.83,0.85,0.87,0.9,0.89,NPgY
SOUTHGATE,2,2.2,2.3,2.35,2.4,2.48,2.5,2.52,2.54,2.57,2.41,2.43,2.45,2.49,2.5,2.53,2.55,2.59,2.62,2.64,2.67,2.69,2.71,2.72,2.74,2.75,2.77,2.79,2.79,2.81,2.83,2.85,2.87,2.86,NPgY
SOUTHWOOD ROAD,6.51,6.79,6.92,6.99,7.06,7.16,7.2,7.23,7.26,7.3,7.08,7.1,7.13,7.19,7.2,7.23,7.27,7.32,7.36,7.39,7.43,7.46,7.48,7.5,7.52,7.55,7.57,7.59,7.59,7.62,7.65,7.67,7.7,7.7,NPgY
SOWERBY BRIDGE 33/11KV,0,0.42,0.63,0.73,0.83,0.99,1.04,1.09,1.14,1.2,0.87,0.89,0.95,1.02,1.05,1.1,1.15,1.23,1.29,1.34,1.39,1.43,1.47,1.5,1.54,1.57,1.61,1.64,1.64,1.68,1.72,1.76,1.81,1.8,NPgY
SPARK MILL LANE,2.85,3.29,3.51,3.62,3.73,3.9,3.95,4,4.05,4.12,3.77,3.8,3.85,3.93,3.95,4.01,4.07,4.15,4.21,4.27,4.32,4.37,4.41,4.44,4.47,4.51,4.55,4.58,4.59,4.63,4.67,4.71,4.76,4.75,NPgY
SPENBOROUGH,0,0.4,0.6,0.7,0.79,0.94,0.99,1.04,1.08,1.14,0.82,0.85,0.9,0.97,0.99,1.05,1.1,1.17,1.23,1.27,1.32,1.36,1.4,1.43,1.46,1.49,1.53,1.56,1.56,1.6,1.64,1.68,1.72,1.71,NPgY
SPRING MILL STREET,0.7,0.95,1.07,1.14,1.2,1.29,1.32,1.35,1.38,1.42,1.22,1.24,1.27,1.31,1.33,1.36,1.39,1.43,1.47,1.5,1.53,1.56,1.58,1.6,1.62,1.64,1.66,1.68,1.68,1.71,1.73,1.76,1.78,1.78,NPgY
STAINFORTH,0.86,1.04,1.13,1.18,1.23,1.3,1.32,1.34,1.36,1.39,1.24,1.25,1.28,1.31,1.32,1.34,1.37,1.4,1.43,1.45,1.47,1.49,1.51,1.52,1.54,1.55,1.57,1.58,1.58,1.6,1.62,1.64,1.66,1.65,NPgY
STAIRFOOT,0,0.3,0.45,0.53,0.6,0.72,0.75,0.79,0.82,0.87,0.63,0.65,0.68,0.74,0.76,0.79,0.83,0.89,0.93,0.97,1.01,1.04,1.07,1.09,1.11,1.14,1.16,1.19,1.19,1.22,1.24,1.27,1.31,1.3,NPgY
STANLEY STREET,0,0.39,0.58,0.68,0.77,0.92,0.96,1.01,1.05,1.11,0.8,0.83,0.87,0.95,0.97,1.02,1.07,1.13,1.19,1.24,1.28,1.32,1.36,1.39,1.42,1.45,1.48,1.51,1.52,1.55,1.59,1.63,1.67,1.66,NPgY
STANNINGTON ROAD,0,0.34,0.51,0.6,0.68,0.81,0.85,0.89,0.93,0.98,0.71,0.73,0.77,0.83,0.85,0.89,0.94,1,1.05,1.09,1.13,1.17,1.2,1.22,1.25,1.28,1.31,1.34,1.34,1.37,1.4,1.44,1.47,1.47,NPgY
STATION ROAD,0,0.64,0.96,1.12,1.28,1.52,1.59,1.67,1.74,1.83,1.32,1.37,1.45,1.57,1.6,1.68,1.77,1.88,1.97,2.05,2.13,2.19,2.25,2.3,2.35,2.4,2.45,2.51,2.51,2.57,2.63,2.69,2.76,2.75,NPgY
STEVENSON ROAD,0,0.07,0.11,0.12,0.14,0.17,0.18,0.19,0.19,0.2,0.15,0.15,0.16,0.17,0.18,0.19,0.2,0.21,0.22,0.23,0.24,0.24,0.25,0.26,0.26,0.27,0.27,0.28,0.28,0.29,0.29,0.3,0.31,0.31,NPgY
STOKE STREET,0,0.19,0.28,0.32,0.37,0.44,0.46,0.48,0.5,0.53,0.38,0.4,0.42,0.45,0.46,0.49,0.51,0.54,0.57,0.59,0.62,0.64,0.65,0.67,0.68,0.7,0.71,0.73,0.73,0.75,0.76,0.78,0.8,0.8,NPgY
STOURTON 132/11KV,0,0.02,0.03,0.04,0.04,0.05,0.05,0.06,0.06,0.06,0.04,0.05,0.05,0.05,0.05,0.06,0.06,0.06,0.07,0.07,0.07,0.07,0.08,0.08,0.08,0.08,0.08,0.09,0.09,0.09,0.09,0.09,0.09,0.09,NPgY
STOURTON 33/11KV,0,0.12,0.18,0.21,0.24,0.29,0.3,0.31,0.33,0.34,0.25,0.26,0.27,0.29,0.3,0.32,0.33,0.35,0.37,0.39,0.4,0.41,0.42,0.43,0.44,0.45,0.46,0.47,0.47,0.48,0.49,0.51,0.52,0.52,NPgY
STOW,0.8,0.93,0.99,1.02,1.05,1.1,1.11,1.13,1.14,1.16,1.06,1.07,1.08,1.11,1.11,1.13,1.14,1.17,1.18,1.2,1.21,1.23,1.24,1.25,1.26,1.27,1.28,1.29,1.29,1.3,1.31,1.32,1.34,1.34,NPgY
SWAN BANK LANE,0,0.26,0.38,0.45,0.51,0.6,0.63,0.66,0.69,0.73,0.53,0.54,0.58,0.62,0.64,0.67,0.7,0.75,0.78,0.82,0.85,0.87,0.9,0.91,0.93,0.96,0.98,1,1,1.02,1.05,1.07,1.1,1.1,NPgY
SWEET STREET,0,0.2,0.3,0.35,0.4,0.48,0.5,0.53,0.55,0.58,0.42,0.43,0.46,0.5,0.51,0.53,0.56,0.59,0.62,0.65,0.67,0.69,0.71,0.73,0.74,0.76,0.78,0.79,0.79,0.81,0.83,0.85,0.87,0.87,NPgY
SWINNOW MOOR,0,0.35,0.52,0.6,0.69,0.82,0.86,0.9,0.94,0.99,0.71,0.74,0.78,0.84,0.86,0.9,0.95,1.01,1.06,1.1,1.14,1.18,1.21,1.24,1.26,1.29,1.32,1.35,1.35,1.38,1.42,1.45,1.49,1.48,NPgY
TADCASTER,4.75,5.03,5.17,5.24,5.31,5.42,5.45,5.48,5.51,5.55,5.33,5.35,5.39,5.44,5.45,5.49,5.52,5.57,5.61,5.65,5.68,5.71,5.74,5.76,5.78,5.8,5.83,5.85,5.85,5.88,5.9,5.93,5.96,5.96,NPgY
TANKERSLEY PARK,0,0.26,0.38,0.45,0.51,0.61,0.64,0.67,0.7,0.74,0.53,0.55,0.58,0.63,0.64,0.68,0.71,0.75,0.79,0.82,0.85,0.88,0.91,0.92,0.94,0.96,0.99,1.01,1.01,1.03,1.06,1.08,1.11,1.11,NPgY
TEMPLEBOROUGH 33/11KV,0,0.1,0.15,0.17,0.2,0.23,0.24,0.26,0.27,0.28,0.2,0.21,0.22,0.24,0.24,0.26,0.27,0.29,0.3,0.31,0.33,0.34,0.34,0.35,0.36,0.37,0.38,0.38,0.38,0.39,0.4,0.41,0.42,0.42,NPgY
THORNBURY,0,0.26,0.38,0.45,0.51,0.61,0.64,0.67,0.7,0.74,0.53,0.55,0.58,0.63,0.64,0.67,0.71,0.75,0.79,0.82,0.85,0.88,0.9,0.92,0.94,0.96,0.99,1.01,1.01,1.03,1.06,1.08,1.11,1.11,NPgY
THORNE,0,0.34,0.51,0.6,0.68,0.81,0.85,0.89,0.93,0.98,0.71,0.73,0.77,0.84,0.85,0.9,0.94,1,1.05,1.09,1.13,1.17,1.2,1.22,1.25,1.28,1.31,1.34,1.34,1.37,1.4,1.44,1.47,1.47,NPgY
THORNTON,0,0.27,0.4,0.47,0.53,0.63,0.66,0.7,0.72,0.76,0.55,0.57,0.6,0.65,0.67,0.7,0.74,0.78,0.82,0.86,0.89,0.92,0.94,0.96,0.98,1,1.02,1.05,1.05,1.07,1.1,1.13,1.15,1.15,NPgY
THORPE ROAD,0,0.17,0.26,0.3,0.34,0.41,0.43,0.45,0.47,0.49,0.36,0.37,0.39,0.42,0.43,0.45,0.48,0.51,0.53,0.55,0.57,0.59,0.61,0.62,0.63,0.65,0.66,0.68,0.68,0.69,0.71,0.73,0.75,0.74,NPgY
TICKHILL ROAD,0,0.27,0.4,0.47,0.54,0.64,0.67,0.7,0.73,0.77,0.56,0.58,0.61,0.66,0.67,0.71,0.75,0.79,0.83,0.87,0.9,0.93,0.95,0.97,0.99,1.01,1.04,1.06,1.06,1.09,1.11,1.14,1.17,1.16,NPgY
TINGLEY,0,0.22,0.32,0.38,0.43,0.51,0.54,0.56,0.58,0.62,0.45,0.46,0.49,0.53,0.54,0.57,0.59,0.63,0.66,0.69,0.71,0.74,0.76,0.77,0.79,0.81,0.83,0.84,0.85,0.86,0.89,0.91,0.93,0.93,NPgY
TINSLEY PARK ROAD,0,0.22,0.32,0.38,0.43,0.52,0.54,0.57,0.59,0.62,0.45,0.46,0.49,0.53,0.54,0.57,0.6,0.64,0.67,0.69,0.72,0.74,0.76,0.78,0.8,0.81,0.83,0.85,0.85,0.87,0.89,0.91,0.94,0.93,NPgY
TINSLEY WIRE INDUSTRIES,0,0.12,0.18,0.21,0.24,0.29,0.31,0.32,0.33,0.35,0.25,0.26,0.28,0.3,0.31,0.32,0.34,0.36,0.38,0.39,0.41,0.42,0.43,0.44,0.45,0.46,0.47,0.48,0.48,0.49,0.5,0.52,0.53,0.53,NPgY
TIVERTON ROAD,0,0.13,0.19,0.22,0.25,0.3,0.31,0.33,0.34,0.36,0.26,0.27,0.29,0.31,0.32,0.33,0.35,0.37,0.39,0.4,0.42,0.43,0.44,0.45,0.46,0.47,0.48,0.5,0.5,0.51,0.52,0.53,0.55,0.54,NPgY
TODMORDEN,0,0.32,0.47,0.55,0.63,0.75,0.79,0.83,0.86,0.91,0.65,0.68,0.72,0.77,0.79,0.83,0.87,0.93,0.98,1.01,1.05,1.09,1.12,1.14,1.16,1.19,1.21,1.24,1.24,1.27,1.3,1.33,1.37,1.36,NPgY
TOLLER LANE,0,0.27,0.4,0.46,0.53,0.63,0.66,0.69,0.72,0.76,0.55,0.56,0.6,0.65,0.66,0.69,0.73,0.78,0.81,0.85,0.88,0.91,0.93,0.95,0.97,0.99,1.01,1.04,1.04,1.06,1.09,1.11,1.14,1.14,NPgY
TONG STREET,0,0.16,0.24,0.29,0.33,0.39,0.41,0.43,0.44,0.47,0.34,0.35,0.37,0.4,0.41,0.43,0.45,0.48,0.5,0.52,0.54,0.56,0.57,0.59,0.6,0.61,0.63,0.64,0.64,0.66,0.67,0.69,0.7,0.7,NPgY
UPPER BASINGHALL STREET,0,0.4,0.6,0.7,0.8,0.95,0.99,1.04,1.08,1.14,0.83,0.85,0.9,0.98,1,1.05,1.1,1.17,1.23,1.28,1.32,1.37,1.4,1.43,1.46,1.49,1.53,1.56,1.56,1.6,1.64,1.68,1.72,1.71,NPgY
VARLEY STREET,0.43,0.74,0.89,0.97,1.05,1.17,1.2,1.24,1.27,1.32,1.07,1.09,1.13,1.19,1.21,1.25,1.29,1.34,1.39,1.43,1.46,1.5,1.53,1.55,1.57,1.6,1.62,1.65,1.65,1.68,1.71,1.74,1.77,1.77,NPgY
VICTORIA STREET,0,0.41,0.61,0.71,0.81,0.96,1.01,1.06,1.1,1.16,0.84,0.87,0.92,0.99,1.01,1.06,1.12,1.19,1.25,1.3,1.34,1.39,1.43,1.45,1.49,1.52,1.55,1.59,1.59,1.62,1.66,1.7,1.74,1.74,NPgY
WALESBY,0,0.24,0.36,0.42,0.48,0.57,0.6,0.63,0.65,0.69,0.5,0.51,0.54,0.59,0.6,0.63,0.66,0.71,0.74,0.77,0.8,0.83,0.85,0.86,0.88,0.9,0.92,0.94,0.95,0.97,0.99,1.01,1.04,1.03,NPgY
WARREN LANE,1.2,1.3,1.35,1.37,1.39,1.43,1.44,1.45,1.46,1.48,1.4,1.41,1.42,1.44,1.44,1.45,1.47,1.48,1.5,1.51,1.52,1.53,1.54,1.55,1.56,1.56,1.57,1.58,1.58,1.59,1.6,1.61,1.62,1.62,NPgY
WATH UPON DEARNE,0,8.21,8.32,8.37,8.42,8.5,8.53,8.55,8.57,8.6,8.44,8.45,8.48,8.52,8.53,8.55,8.58,8.62,8.65,8.68,8.7,8.72,8.74,8.76,8.78,8.79,8.81,8.83,8.83,8.85,8.87,8.89,8.91,8.91,NPgY
WAVERLEY BUSINESS PARK,0,0.02,0.03,0.04,0.04,0.05,0.06,0.06,0.06,0.06,0.05,0.05,0.05,0.05,0.06,0.06,0.06,0.07,0.07,0.07,0.07,0.08,0.08,0.08,0.08,0.08,0.09,0.09,0.09,0.09,0.09,0.09,0.1,0.1,NPgY
WAWNE ROAD,0,0.07,0.1,0.12,0.14,0.16,0.17,0.18,0.19,0.2,0.14,0.15,0.16,0.17,0.17,0.18,0.19,0.2,0.21,0.22,0.23,0.24,0.24,0.25,0.25,0.26,0.27,0.27,0.27,0.28,0.28,0.29,0.3,0.3,NPgY
WEELAND ROAD,1.52,1.62,1.66,1.69,1.71,1.75,1.76,1.77,1.78,1.79,1.72,1.72,1.74,1.75,1.76,1.77,1.78,1.8,1.81,1.83,1.84,1.85,1.86,1.86,1.87,1.88,1.89,1.89,1.89,1.9,1.91,1.92,1.93,1.93,NPgY
WELLINGTON STREET,0,0.41,0.61,0.72,0.82,0.97,1.02,1.07,1.11,1.17,0.85,0.88,0.93,1,1.02,1.08,1.13,1.2,1.26,1.31,1.36,1.41,1.44,1.47,1.5,1.54,1.57,1.61,1.61,1.65,1.69,1.73,1.77,1.76,NPgY
WESLEY CRESCENT,0.95,1.12,1.21,1.25,1.29,1.36,1.37,1.4,1.41,1.44,1.3,1.31,1.34,1.37,1.38,1.4,1.42,1.45,1.48,1.5,1.52,1.54,1.55,1.56,1.58,1.59,1.6,1.62,1.62,1.64,1.65,1.67,1.69,1.68,NPgY
WEST DOCKS,0,0.18,0.27,0.31,0.36,0.43,0.45,0.47,0.49,0.51,0.37,0.38,0.41,0.44,0.45,0.47,0.5,0.53,0.55,0.58,0.6,0.62,0.63,0.64,0.66,0.67,0.69,0.7,0.7,0.72,0.74,0.76,0.77,0.77,NPgY
WEST END LANE,0,0.2,0.3,0.35,0.39,0.47,0.49,0.52,0.54,0.57,0.41,0.42,0.45,0.48,0.49,0.52,0.54,0.58,0.61,0.63,0.66,0.68,0.7,0.71,0.72,0.74,0.76,0.77,0.78,0.79,0.81,0.83,0.85,0.85,NPgY
WEST MOOR PARK,0,0.09,0.14,0.16,0.18,0.22,0.23,0.24,0.25,0.26,0.19,0.2,0.21,0.22,0.23,0.24,0.25,0.27,0.28,0.29,0.3,0.31,0.32,0.33,0.34,0.34,0.35,0.36,0.36,0.37,0.38,0.38,0.39,0.39,NPgY
WEST PARK,0,0.11,0.17,0.2,0.22,0.27,0.28,0.29,0.31,0.32,0.23,0.24,0.25,0.28,0.28,0.3,0.31,0.33,0.35,0.36,0.37,0.39,0.4,0.4,0.41,0.42,0.43,0.44,0.44,0.45,0.46,0.47,0.49,0.48,NPgY
WESTCOTT STREET,0,0.32,0.48,0.56,0.64,0.76,0.8,0.84,0.88,0.92,0.67,0.69,0.73,0.79,0.81,0.85,0.89,0.95,0.99,1.03,1.07,1.11,1.14,1.16,1.18,1.21,1.24,1.26,1.27,1.3,1.33,1.36,1.39,1.39,NPgY
WHEATACRE ROAD,0,0.16,0.24,0.28,0.32,0.38,0.4,0.42,0.44,0.46,0.33,0.34,0.36,0.39,0.4,0.42,0.44,0.47,0.5,0.51,0.53,0.55,0.57,0.58,0.59,0.6,0.62,0.63,0.63,0.65,0.66,0.68,0.69,0.69,NPgY
WHEATLEY PARK,0,0.22,0.32,0.37,0.43,0.51,0.53,0.56,0.58,0.61,0.44,0.46,0.48,0.52,0.53,0.56,0.59,0.63,0.66,0.69,0.71,0.73,0.75,0.77,0.79,0.8,0.82,0.84,0.84,0.86,0.88,0.9,0.92,0.92,NPgY
WHINGATE,0.71,1.03,1.18,1.26,1.34,1.46,1.5,1.54,1.57,1.62,1.37,1.39,1.43,1.48,1.5,1.54,1.58,1.64,1.68,1.72,1.76,1.79,1.82,1.84,1.87,1.89,1.92,1.95,1.95,1.98,2.01,2.04,2.07,2.07,NPgY
WHITE LEE,0,0.32,0.48,0.56,0.64,0.76,0.8,0.84,0.87,0.92,0.66,0.69,0.73,0.78,0.8,0.84,0.88,0.94,0.99,1.03,1.07,1.1,1.13,1.15,1.18,1.2,1.23,1.26,1.26,1.29,1.32,1.35,1.39,1.38,NPgY
WHITEHALL ROAD 2/3,0,0.09,0.13,0.16,0.18,0.21,0.22,0.23,0.24,0.26,0.19,0.19,0.2,0.22,0.22,0.24,0.25,0.26,0.28,0.29,0.3,0.31,0.32,0.32,0.33,0.34,0.34,0.35,0.35,0.36,0.37,0.38,0.39,0.39,NPgY
WHITEHALL ROAD 4/5,0,0.23,0.34,0.4,0.45,0.54,0.56,0.59,0.61,0.65,0.47,0.48,0.51,0.55,0.56,0.59,0.62,0.66,0.7,0.72,0.75,0.77,0.8,0.81,0.83,0.85,0.87,0.89,0.89,0.91,0.93,0.95,0.97,0.97,NPgY
WIBSEY,0,0.22,0.32,0.38,0.43,0.51,0.54,0.56,0.59,0.62,0.45,0.46,0.49,0.53,0.54,0.57,0.6,0.63,0.66,0.69,0.72,0.74,0.76,0.77,0.79,0.81,0.83,0.85,0.85,0.87,0.89,0.91,0.93,0.93,NPgY
WITHERNSEA,0,0.2,0.29,0.34,0.39,0.46,0.49,0.51,0.53,0.56,0.4,0.42,0.44,0.48,0.49,0.51,0.54,0.57,0.6,0.63,0.65,0.67,0.69,0.7,0.72,0.73,0.75,0.77,0.77,0.79,0.8,0.82,0.84,0.84,NPgY
WOODCOCK STREET,0.42,0.65,0.76,0.82,0.87,0.96,0.99,1.02,1.04,1.07,0.89,0.91,0.94,0.98,0.99,1.02,1.05,1.09,1.12,1.15,1.18,1.2,1.23,1.24,1.26,1.28,1.3,1.32,1.32,1.34,1.36,1.38,1.41,1.41,NPgY
WOODSEATS,0,0.24,0.35,0.41,0.47,0.56,0.59,0.62,0.64,0.68,0.49,0.51,0.54,0.58,0.59,0.62,0.65,0.7,0.73,0.76,0.79,0.81,0.84,0.85,0.87,0.89,0.91,0.93,0.93,0.95,0.98,1,1.02,1.02,NPgY
WOOLLEY,0,0.12,0.18,0.21,0.24,0.28,0.3,0.31,0.32,0.34,0.25,0.25,0.27,0.29,0.3,0.31,0.33,0.35,0.37,0.38,0.39,0.41,0.42,0.43,0.44,0.45,0.46,0.47,0.47,0.48,0.49,0.5,0.51,0.51,NPgY
WORSBROUGH PARK,0,0.34,0.51,0.59,0.68,0.81,0.84,0.89,0.92,0.97,0.7,0.73,0.77,0.83,0.85,0.89,0.94,1,1.05,1.09,1.13,1.16,1.2,1.22,1.25,1.27,1.3,1.33,1.33,1.36,1.4,1.43,1.47,1.46,NPgY
WRAWBY,3.5,3.8,3.94,4.02,4.09,4.2,4.23,4.27,4.3,4.34,4.11,4.13,4.17,4.22,4.24,4.27,4.31,4.36,4.41,4.44,4.48,4.51,4.54,4.56,4.58,4.61,4.63,4.66,4.66,4.68,4.71,4.74,4.77,4.77,NPgY
YARBOROUGH ROAD 33/11KV,6.5,6.84,7,7.09,7.17,7.3,7.34,7.38,7.41,7.46,7.2,7.22,7.26,7.32,7.34,7.38,7.43,7.48,7.53,7.58,7.62,7.65,7.68,7.71,7.73,7.76,7.79,7.82,7.82,7.85,7.88,7.91,7.95,7.94,NPgY
YEW GREEN ROAD,0,0.2,0.29,0.34,0.39,0.46,0.49,0.51,0.53,0.56,0.4,0.42,0.44,0.48,0.49,0.51,0.54,0.57,0.6,0.63,0.65,0.67,0.69,0.7,0.72,0.73,0.75,0.77,0.77,0.79,0.8,0.82,0.84,0.84,NPgY
YORK ROAD,0,0.33,0.5,0.58,0.66,0.79,0.83,0.87,0.9,0.95,0.69,0.71,0.75,0.81,0.83,0.87,0.92,0.98,1.03,1.07,1.11,1.14,1.17,1.2,1.22,1.25,1.28,1.31,1.31,1.34,1.37,1.4,1.44,1.43,NPgY
YORK STREET,0,0.64,0.95,1.11,1.27,1.51,1.58,1.66,1.73,1.82,1.31,1.36,1.44,1.55,1.59,1.67,1.75,1.86,1.96,2.03,2.11,2.18,2.24,2.28,2.33,2.38,2.43,2.49,2.49,2.55,2.61,2.67,2.74,2.73,NPgY
