Supply point,Latitude,Longitude,2016.0,2017.0,2018.0,2019.0,2020.0,2021.0,2022.0,2023.0,2024.0,2025.0,2026.0,2027.0,2028.0,2029.0,2030.0,2031.0,2032.0,2033.0,2034.0,2035.0,2036.0,2037.0,2038.0,2039.0,2040.0,2041.0,2042.0,2043.0,2044.0,2045.0,2046.0,2047.0,2048.0,2049.0,2050.0,Licence area
ATTERCLIFFE,53.390901,-1.4273063999999998,60.79969523508069,101.97759361904544,156.14434656164542,279.99141885884916,443.5687783800286,662.2132373048875,952.0412216514814,1340.6164043440249,1862.4729065323486,2554.6595529079777,3464.233467171099,4644.328888584262,6147.613442373739,8014.550967277538,10255.727376150257,12845.10800138882,15683.498558108804,18636.977511233006,21516.399967094967,24190.512036129603,26527.625133489964,28470.26134464418,30030.179175574176,31317.64458643687,32446.04720783833,32963.704504582616,33318.612183958845,33595.79917726274,33776.633238412585,33834.17603389893,33820.805543346,33744.50101699253,33612.78492722055,33505.64003035799,33441.625670148576,NPgY
BARUGH 132/66KV,53.573165,-1.5197745,115.13119465088242,193.10626699011158,295.67722483008566,530.1958574064575,822.9043168610442,1203.1071716060212,1693.1449586395115,2332.8173319287384,3169.577571789423,4274.46279451369,5724.907176084822,7605.42205843359,9999.745900658509,12972.105209184341,16539.309061631076,20659.289228568283,25174.33984717793,29871.558413872765,34450.07667234989,38701.0621556184,42414.92604313802,45496.781588866164,47967.70706702356,50005.42477276629,51790.41953636771,52605.29486119668,53162.06212883278,53596.01576871023,53877.490008889494,53963.517668306864,53937.36735182571,53811.62699540184,53597.974950865544,53423.48666992773,53318.765965562445,NPgY
BEESTON ROYDS 132/33KV,53.775873,-1.5839722,90.3467545614298,151.53603296598664,232.02640902088226,416.05991446403283,674.9193997969054,1031.1517617075524,1516.2806164453257,2182.7465958791795,3098.485210194581,4317.7340512496885,5921.232243335913,8002.85334505402,10655.674993778164,13951.308140219422,17908.48118805774,22481.808887620293,27495.98193500027,32714.30241725125,37802.62987821609,42529.1395750824,46661.298950250566,50100.77153907166,52866.13043254831,55150.01625922784,57152.63148165835,58075.036488525286,58709.21370008737,59205.33599144285,59530.513770930964,59637.26658726318,59618.16884393915,59487.41332840457,59258.55540216402,59073.0314312016,58962.62589843866,NPgY
BEVERLEY 132/33KV,53.821006000000004,-0.41565113,107.26909419667824,179.9193902794477,275.4859634548905,493.9897439897361,795.5196507565694,1206.9352910284972,1762.8747002907778,2521.3718303830537,3556.9656807795113,4934.3533318597665,6745.413798720498,9096.109051714571,12091.493830597035,15812.362717915808,20279.8477777815,25442.530116229438,31102.543956940382,36992.74058072541,42735.94295498228,48070.453443215876,52733.756805402874,56613.858652488074,59732.40564050488,62307.51730426256,64565.21580872294,65603.97095104527,66317.59726243316,66875.62131335218,67240.90939500589,67359.83209280697,67336.87347933026,67188.02436230375,66928.5035064245,66717.92058559702,66592.46434880032,NPgY
BINGLEY 132/33KV,53.85312,-1.840786,42.617610192920274,71.48130128719623,109.44954361798989,196.26027893975612,351.8247398853049,586.2631611235082,930.4985562405864,1433.5998074607412,2162.831158184493,3142.047864603805,4432.2513524680735,6109.335885080008,8248.602967726265,10908.16648510379,14103.214217159317,17798.14217222796,21851.109915932913,26070.58335134248,30186.465992219,34011.449071717885,37357.75882616602,40151.61654810819,42404.11504242545,44267.13312468693,45902.304962339,46662.031888632635,47187.497212056915,47600.022896576615,47873.069301323434,47968.44966915153,47961.0737872167,47862.586636516346,47684.420111604886,47541.151447836084,47456.68662773465,NPgY
BLACKBURN MEADOWS B,53.418806000000004,-1.4023153999999998,27.48107251277648,46.093218626965395,70.57624374151166,126.55432654497244,196.7284968147341,288.08884345160334,406.1149925212925,560.5298049780229,762.9827574817753,1030.4141067677724,1381.5168554240802,1836.752967115052,2416.3979322512196,3136.0051633093804,3999.6450909287073,4997.146237475445,6090.323319892813,7227.625981757136,8336.208336154628,9365.509170448358,10264.785533985805,11011.13759359773,11609.617960900769,12103.206781628542,12535.600301130295,12733.080067165723,12868.050428659131,12973.267845445369,13041.550271340828,13062.497045860417,13056.270094141992,13025.919429964317,12974.27875783174,12932.118681973208,12906.82579849521,NPgY
BLYTON,53.435417,-0.71369982,170.6583045088625,286.2403036336042,438.2806417009713,785.9062555285939,1144.9923298332374,1560.1290262012724,2028.5452682299647,2554.8416993789674,3130.6277260377874,3865.0669729378064,4821.711389480049,6055.160872167447,7619.355479549444,9555.098850872804,11873.104040130003,14542.74696499161,17462.479560850286,20495.291223430675,23446.652056194518,26181.277541528238,28563.055124564933,30512.570014446464,32055.85399234664,33319.960647665845,34422.204434142586,34904.407613622614,35223.770684090065,35467.9837314196,35617.72023254888,35644.587946560765,35602.175489278496,35498.07600397503,35338.33854490816,35204.33533809721,35121.50554461825,NPgY
BRADFORD,53.80245,-1.7528076000000001,33.838204023642696,56.75585388017454,86.9024792914214,155.82983960005643,317.71144355432386,579.9917330370138,985.6306219618393,1601.4889871960331,2521.357492864041,3762.1942701101398,5398.710715147986,7527.415712648094,10244.09831760993,13622.803556101111,17682.875577310348,22379.767944378586,27533.041158062442,32899.02222929326,38134.28181523017,43000.71096174901,47259.681168789015,50821.20304090292,53696.757826468056,56076.89166548878,58166.9922923563,59142.4362141287,59819.16003846507,60351.38015118108,60705.38206631131,60832.74037905415,60828.756151027155,60708.35147026771,60486.37967584207,60308.693490463476,60204.494136233174,NPgY
BRAMHAM,53.871643999999996,-1.3271374,68.83730695281288,115.45885036300423,176.78635183369462,317.00578711156794,496.98734259515436,734.1757484342471,1044.3132142254967,1454.8107002142533,1999.2724900059052,2719.915014925375,3666.4406557851626,4894.0752533826835,6457.550256731309,8398.881836814624,10729.064013941059,13420.835299568364,16371.116629011554,19440.746282779586,22433.125031911968,25211.810848798832,27639.890002367018,29656.560175658946,31274.77051366276,32609.844724884257,33779.677550209475,34315.11737501301,34681.630532003786,34967.60954388069,35153.679307700295,35211.80398921074,35196.41118272101,35115.76260923107,34977.589159056064,34864.979453289096,34797.555652162075,NPgY
BRANSHOLME,53.789736,-0.30535806,81.43119722542724,136.58222309271645,209.12968447184585,375.00247924543567,596.5970601236576,894.4159066136197,1291.2484326839565,1825.8367595783725,2547.075340738303,3504.455278345459,4762.720740570998,6395.4075560034335,8475.410300099433,11058.748906221968,14160.078022503369,17743.46372544813,21671.6151900091,25759.174773105653,29744.3771180448,33445.581965983816,36680.557020644526,39370.265407940125,41530.630608571315,43313.911877296836,44877.016291469,45594.6822856167,46086.998480411865,46471.63386405885,46722.806617552014,46803.252909090304,46785.46780485987,46680.509497570616,46498.830971444004,46351.14589895253,46262.98001272129,NPgY
BRIGHOUSE 132/33KV,53.699055,-1.7678778000000002,55.399085966360175,92.91930582382868,142.27462892509106,255.12082952440082,434.48585977899046,693.8771901307558,1062.5261558294133,1587.59664488775,2332.4684639215257,3329.332566044379,4641.831478310627,6347.02602369594,8521.354939646466,11223.738346744729,14469.578994284551,18222.291683585343,22337.898636011825,26621.989531458,30800.297480677047,34682.58864996641,38078.11431452355,40909.680472122745,43190.11401290892,45075.16909753253,46729.05369574012,47494.883522715165,48023.34402132683,48437.65736702221,48710.855768860245,48804.085826399416,48793.38250645711,48690.50183168644,48506.862995186086,48358.71282706278,48271.03856049117,NPgY
DONCASTER B/THORPE MARSH,53.52618199999999,-1.1471401,368.3656877019844,617.8492549745315,946.0280907587544,1696.3774433376484,2544.5162839293466,3585.567071477956,4848.599008170769,6396.669940490789,8288.565546390873,10756.1396530803,13986.604268957168,18166.83810756999,23481.821135327133,30072.7599843954,37976.65093666371,47096.39758795795,57083.66941602622,67468.31450677231,77584.85092447941,86971.0591117289,95162.64591877667,101928.38546978435,107329.55835480396,111773.61645693144,115660.50159390767,117410.11776980685,118593.60966627247,119510.48395156744,120094.95147891488,120251.25192860149,120163.26969414185,119858.20273102864,119360.10733830163,118949.12460242449,118699.62557998973,NPgY
DONCASTER CENTRAL,53.52613100000001,-1.138784,44.13158472676925,74.02064756459917,113.33769738890587,203.23235135244735,310.9655478284905,447.83899041694747,620.2731059850418,840.2754281032385,1121.333944457491,1490.9091428765973,1975.6235155472345,2603.6512812393203,3402.899411644309,4394.738348478109,5584.7631060856265,6958.743322430982,8464.123661596866,10029.95927591756,11555.938411508272,12972.419130699736,14209.4870770368,15234.427511143262,16055.008790619353,16731.21015501248,17323.24363014365,17592.261997913578,17775.466605478905,17917.978412497552,18009.89792097903,18036.86304170625,18026.621247685587,17983.336862033466,17910.813856277968,17851.372977025323,17815.555286215258,NPgY
DRIFFIELD/BEVERLEY GROUP,53.999276,-0.41723475,174.89701191085862,293.34976658797433,449.16639030532957,805.4261181697412,1241.6397576843926,1802.454246508914,2517.756422512857,3441.8662581388044,4637.983324164068,6214.457221655231,8283.136291104473,10964.42516957498,14377.609237776209,18614.11501700989,23697.874102577844,29568.562323201695,36001.532073006536,42693.518589528285,49215.85330036889,55270.9681080445,60560.179016168935,64946.254907918796,68460.62762506648,71357.8818268024,73895.23716097338,75051.20670334333,75839.88753858348,76454.06748278647,76851.46312926282,76970.78704977495,76930.64981087699,76748.92474391035,76442.08131715236,76191.0838712244,76040.1738488837,NPgY
FEATHERSTONE,53.686141000000006,-1.3845471,77.46681390934438,129.93287609854997,198.94844852952343,356.7459188255416,574.3287971935127,871.097036618558,1271.981893980339,1818.7675129296647,2565.100983400769,3557.713754743328,4862.839308521755,6556.836274745118,8715.409235067988,11396.779428687527,14616.174853111543,18336.535923236475,22415.27660287365,26659.884317734355,30798.55637598238,34642.70681879008,38003.15991743007,40799.17866879148,43046.38358552988,44901.97773838665,46528.83911650028,47277.31351043635,47791.49935944998,48193.561889755656,48456.741420653314,48542.390271676195,48525.80170591438,48418.498135213216,48231.44396798619,48079.656346696676,47989.223500583044,NPgY
GIRLINGTON,53.795654000000006,-1.7900256999999997,15.55853163398623,26.095881075473706,39.957054818356205,71.6492957853938,156.98657739764926,299.223800106578,523.3460358883449,868.0263834307069,1387.8684048844614,2090.105665358489,3016.55926464709,4221.907449048318,5760.42666005728,7674.09390776403,9973.874353741658,12634.658976678791,15554.204880299743,18594.43605419333,21560.78415368511,24318.35944035548,26731.990556772667,28751.37261913333,30382.544616351446,31733.003638100985,32919.08790673561,33473.39808264762,33858.317960622815,34161.210108261155,34362.97920832766,34436.21301653269,34434.913292960184,34367.55456778752,34242.608312429715,34142.736383985095,34084.270413254046,NPgY
HALIFAX 132/33KV,53.726078,-1.8576188000000002,14.206514721904886,23.828181694856486,36.484836800470035,65.42306172170075,121.61519039525169,208.3680093397478,338.06957898183043,530.2295450852979,811.8334391893925,1190.6093225841894,1689.861046537295,2338.983826735903,3167.1471274990745,4196.876009650697,5434.056479150104,6864.980775867429,8434.70341357217,10069.026921795776,11663.341628465676,13145.108192614216,14441.615279557007,15524.71975892203,16398.421504909373,17121.253663872274,17755.803114553808,18051.116422916584,18255.6024682389,18416.244720831543,18522.767733463723,18560.39620021571,18558.14900992136,18520.549362150592,18452.060773758385,18397.078438093187,18364.726185150048,NPgY
HECKMONDWIKE,53.711428000000005,-1.6802997,33.691881280218865,56.51043091862177,86.52669666503351,155.15600213452058,280.827025829793,471.49904359905366,752.9081476688222,1165.8009223777444,1766.183003317522,2572.774551092805,3635.641809898651,5017.323377702453,6779.871783720227,8971.184423377266,11603.77854567667,14648.366681559806,17988.064048582255,21465.034222277904,24856.713768455436,28008.761411823893,30766.457735931872,33069.27567161638,34926.1720739652,36462.11734507743,37810.291206006405,38436.97902099582,38870.57196772826,39211.03794046812,39436.510048868986,39515.530907044136,39509.83096883209,39429.01395399169,39282.522160553664,39164.78060107335,39095.40441014626,NPgY
HOLMFIELD,53.750653,-1.8753089,50.1189820259747,84.06313817665483,128.71439023703005,230.80518471278472,427.3765755998299,730.1202292741573,1181.9394664475392,1850.4489845418286,2829.09480246096,4145.2268647190995,5879.916005199157,8135.289085732323,11012.6873774387,14590.363515306346,18888.765901572195,23860.24284284981,29313.901678554623,34991.96475990233,40530.98885401625,45678.94995069129,50183.223802213615,53945.890326209876,56980.944377071726,59491.84259158907,61696.0341821095,62721.681618473485,63431.801760419075,63989.63000578735,64359.465425744726,64489.969640179545,64481.960401722616,64351.14825011208,64113.02880394652,63921.83711860711,63809.31666434727,NPgY
HULL EAST 132/33KV,53.74876999999999,-0.25444164,76.26009210667141,127.90887605827965,195.84937399252902,351.188789823629,554.1242433327913,823.9269149510816,1179.7380494520821,1654.5034366716745,2289.183913006514,3130.364851502385,4235.537056489028,5669.232251738323,7495.4114244059265,9763.200694267156,12485.453004527295,15630.46260704083,19077.766237184333,22664.729238042928,26161.630711673282,29409.053170337018,32247.042661340605,34605.33704966817,36498.52894305897,38060.84406909788,39430.01236052951,40057.597101087835,40487.62019405287,40823.35663931268,41042.173475748445,41111.33810845691,41094.45854598314,41001.21206316208,40840.697148859865,40710.034885982546,40631.908032335916,NPgY
HULL SOUTH,53.733079000000004,-0.37895177,93.01557617226959,156.01237128675697,238.8804138790141,428.35022523962107,688.8323152987095,1043.6324084929456,1522.3149715959735,2174.4887166687304,3063.7548704741075,4246.264542320669,5801.015852433626,7818.963409664725,10390.281517672083,13584.315108501803,17419.201887550993,21850.77180204312,26709.186064206206,31765.13739776313,36694.86678316527,41273.73718062541,45276.40643379341,48606.56524292003,51282.91552571808,53492.80392394158,55430.2480706678,56321.45297567918,56933.615126575394,57412.253837675686,57725.49307087963,57827.29275941767,57807.33689615899,57679.3462539892,57456.36957892867,57275.40398621081,57167.56809389133,NPgY
HULL WEST,53.72296899999999,-0.46306495,82.21256783991662,137.89279372439762,211.13638209673002,378.60080430544787,589.737161333256,865.4385228612207,1222.6748925247591,1691.4080038983152,2307.7546364461678,3122.3312125076864,4191.8836909528445,5578.762736938617,7344.753348377794,9537.260054344095,12168.688392169192,15208.09896867616,18539.130117031524,22004.69165079293,25382.813617111602,28519.43422170277,31259.94326797802,33534.84868296025,35359.34971979759,36864.21936597165,38182.59537337643,38785.04747463808,39196.96200223863,39518.14833637514,39726.72425188543,39791.00740943465,39772.43751574612,39680.31697239422,39523.304217720564,39395.17341146074,39318.34277058523,NPgY
HUMBERSTON,53.53604,-0.048908329,46.21901835371584,77.52184041256373,118.69859530805063,212.84528610027195,342.5657925076909,519.436184793977,758.28516089873,1083.9726129190267,1528.405002658275,2119.4686696380368,2896.614773519048,3905.310499186727,5190.633429910113,6787.2503145129585,8704.228412000768,10919.497573598192,13348.156317391431,15875.574960665774,18339.910446227383,20628.870302618936,22629.810560015576,24294.639661146088,25632.670584504765,26737.520429464297,27706.174374911632,28151.805668281857,28457.93530972237,28697.30595349204,28853.98359113515,28904.955141098075,28895.05322428848,28831.138260748514,28719.737497783346,28629.336352913007,28575.474284275035,NPgY
HUNNINGLEY,53.548413000000004,-1.4494821000000002,49.35280448535664,82.77805045417388,126.7467111069382,227.27682596253143,350.42699799607595,508.7948923277371,710.8421054968843,971.9393017282657,1309.981841809016,1755.541019380581,2340.218497861445,3098.0455800022137,4062.7373545173973,5260.135292912414,6697.003570689089,8356.294968860611,10174.51455032266,12065.946770727744,13909.432384511922,15620.866712526326,17115.829959706836,18355.550071418253,19348.90062704362,20167.827521143783,20885.031014266508,21211.792461157038,21434.739748122323,21608.362407171466,21720.709542255576,21754.459332900024,21743.13617751568,21691.792264564843,21605.08379064133,21534.15932773434,21491.51860145566,NPgY
HUNSHELF,53.496159,-1.6054201000000001,55.612621024935905,93.27746208337341,142.8230246376089,256.1041894540116,395.9321358704679,576.4861005902968,807.8083907428188,1107.9884278400827,1498.3046880171314,2013.151406135796,2688.862944564875,3564.7864063073907,4679.905702762761,6064.109227833387,7725.219951810395,9643.579686078963,11745.770254885052,13932.678961617445,16064.223337755277,18043.166773626912,19771.91343028177,21205.907569260988,22355.2219852967,23302.856607092177,24132.85703446129,24511.325933030814,24769.705633526137,24970.992880763653,25101.372425546368,25140.82624541177,25128.118495841383,25069.098654622452,24969.172749811947,24887.489868777804,24838.41692779408,NPgY
IMMINGHAM,53.614968000000005,-0.19244846,32.76693787327557,54.959049739667186,84.15127877313046,150.89650353221896,231.17137558964126,333.3628264591992,462.374578001641,627.329165542323,838.5410154687056,1116.3843429065919,1480.8209804120984,1953.0389336022613,2554.025931682743,3299.856325461087,4194.738405383866,5227.985523453577,6360.072724394699,7537.6446243373475,8685.263901710183,9750.558962769284,10680.954831318368,11451.928176996555,12069.266721364991,12578.023400167323,13023.476673098923,13225.981772065352,13363.934756980114,13471.266949665242,13540.534281388811,13560.938724864824,13553.348270346667,13520.89699791504,13466.452178566291,13421.843688375577,13394.973962687502,NPgY
KIRKHAW LANE,53.719758999999996,-1.2770246,45.05915320145184,75.57643169475449,115.71985691800377,207.50393877259728,333.047127650524,503.64919538673166,733.324343798537,1045.638090505511,1470.72569774273,2035.8213506700229,2778.754692622136,3742.9807527449457,4971.580724084163,6497.680819150163,8329.945674772784,10447.250169408815,12768.453276732736,15184.003217137852,17539.217945271852,19726.771149357734,21638.997453149597,23229.767002470155,24508.094813367738,25563.567472997358,26488.88459428629,26914.387310106213,27206.598044541548,27435.04280132461,27584.49125734515,27632.94295888449,27623.244537002676,27561.94784067724,27455.277493267808,27368.681395833617,27317.063432718292,NPgY
KIRKSTALL C 2/5,53.806729000000004,-1.5891033,9.221282225744034,15.466593505568644,23.681880016538983,42.465342697873346,78.85183992758515,134.98911066937717,218.87628260624987,343.11345443737304,525.1248765713623,769.9312476250284,1092.5991297145165,1512.1262625104625,2047.3644192049953,2712.870963498894,3512.4498826545946,4437.24060812065,5451.732738504227,6507.973651167767,7538.35543498277,8495.99672104318,9333.904842878284,10033.883779849528,10598.523729560213,11065.658948536853,11475.738803155562,11666.57759751958,11798.717549647883,11902.523572032034,11971.354712496151,11995.66162445062,11994.198746344651,11969.88913930131,11925.616896912768,11890.073745816391,11869.158639544707,NPgY
KIRKSTALL C/RING ROAD HORSFORTH,53.806633999999995,-1.5902127000000001,126.02639303945021,211.38047230269302,323.65801694532036,580.3698269266798,943.9362457344902,1445.770185821904,2131.033694349232,3074.6796495292333,4374.081451651381,6104.768043492967,8381.061497401408,11336.249619142949,15102.493871000257,19781.48832934568,25399.828238830036,31893.153312733844,39012.53999185241,46421.896524755095,53646.79197413896,60358.07498284733,66225.59713706527,71110.15790169718,75037.83795520518,78281.87465425128,81126.51191653845,82437.23888090442,83338.62956493664,84043.9026412245,84506.36307760635,84658.60983966812,84632.0909864031,84446.97099337309,84122.53166744794,83859.61060936222,83703.20483587982,NPgY
LEEDS EAST,53.801675,-1.5094558,77.36611587994666,129.7639781677223,198.6898382200547,356.28218978844137,583.2840152610219,898.9205981427388,1332.7457238917466,1933.544870782049,2765.1077687538645,3873.603686300756,5331.82500238808,7225.198034543156,9638.432887135736,12636.731388502154,16237.144053371841,20398.543222029795,24961.37770580232,29710.22179740436,34341.01028850288,38642.797646313185,42404.01131563313,45536.076206835525,48055.26864865561,50136.27808336352,51961.25595301742,52802.888051729766,53382.031383891415,53835.3313159334,54132.865921799385,54231.45916659748,54215.36561715751,54097.528100333264,53890.35756506514,53722.59980597405,53622.89363988405,NPgY
LEEDS NORTH,53.813883999999995,-1.5421642,39.998874951638214,67.08897140464039,102.72416939552164,184.2006231637324,327.6455846824021,542.5968712095603,856.8488329677102,1314.593079753073,1976.2654056392214,2864.3875653724763,4034.458870344992,5555.290752982947,7495.154941942675,9906.732095043732,12803.790522578345,16154.000359041547,19828.76322847582,23654.42754839888,27386.10147770948,30853.951686895933,33887.71845639733,36420.25290077953,38461.787760909036,40150.200388420664,41632.05045451683,42320.25132416213,42796.10829169583,43169.62491553486,43416.736101831804,43502.80994514543,43495.76233736989,43406.143879043884,43244.29847423547,43114.10018252,43037.30392931589,NPgY
LINDLEY,53.654897999999996,-1.8279153000000001,68.58834648050417,115.04127606803223,176.14697740726018,315.8592880113346,533.246038301025,845.102628682861,1285.3737510278763,1909.047663278473,2789.666095377542,3967.325870471258,5517.615211351266,7531.518411855734,10099.279979977586,13290.442997864033,17123.18836221758,21554.20681873537,26413.517696461495,31471.60209543669,36404.63322617906,40987.99345222386,44996.446006009246,48338.25118381484,51028.963444815716,53252.88287999126,55203.9102413794,56106.64965149593,56729.260758535114,57217.23899408838,57538.738684190954,57647.865441860595,57634.385469039764,57512.16106745966,57294.625262530324,57119.00453799298,57014.98802400165,NPgY
LOW ROAD,53.780304,-1.5233629,43.849321123495905,73.54721487851808,112.61279464521871,201.93248650169213,332.92454786702666,516.4494897213733,770.3769419646537,1124.0538377709536,1616.0901731248784,2272.5330544766625,3136.237232043862,4257.824455703944,5687.495391041955,7463.901527194812,9597.149664746734,12062.939892011967,14766.71864094532,17580.81822939792,20325.05942042042,22874.448115472933,25103.625692948022,26960.48002782876,28454.398731965885,29688.64527460771,30771.143871663066,31270.794134685424,31614.818184110536,31884.183222041815,32061.16150294771,32120.1809778962,32111.17336382229,32041.81947973141,31919.504795756133,31820.5362985054,31761.767220553218,NPgY
MALLARD WAY,53.50063000000001,-1.1140789,56.96235579542186,95.54133369302409,146.28938171315332,262.3199139245092,397.51551468149324,566.5231922133244,775.7780847424008,1037.9717081003314,1366.4505610221206,1796.8584600264562,2360.9143960314927,3091.3368806237754,4020.5245495585386,5173.253741983676,6556.013200898559,8152.072884356906,9900.420863158226,11718.701360516541,13490.41422810843,15134.663142838477,16570.21528591201,17758.004588967164,18707.788980479498,19489.94778607585,20174.44687620985,20484.22968423362,20694.589892849664,20857.94280996709,20962.78269961867,20992.393437126666,20978.985592224184,20927.36315091105,20841.854873943998,20771.56439981149,20729.06925009976,NPgY
MENSTON,53.885514,-1.7268966000000001,64.7903448366879,108.67099630429271,166.39303896035204,298.3689393349355,478.0383282797629,721.6621665652983,1048.9842619503177,1493.2722343257376,2096.964203303627,2899.2639342475154,3953.985284744845,5322.810243979176,7066.8887756107215,9233.235723522088,11834.148789244111,14839.612290164541,18134.454005694104,21563.175947148207,24906.214293848327,28011.22218299012,30725.368537932813,32983.01820103505,34797.07468415825,36294.80678948147,37607.8025708006,38211.39772677708,38625.826158003234,38949.77857368808,39161.634994174114,39230.16154007593,39216.174813884216,39128.97014085357,38977.37010841478,38854.26808321866,38780.868235564856,NPgY
MOSS ROAD,53.563092000000005,-0.080672152,39.874922648173396,66.88106974358753,102.4058380066143,183.62980482025623,288.48568098059064,427.06932767743376,608.7871136195283,849.9529521081122,1170.663277940382,1595.3415503985816,2153.1889218972087,2876.7618359652442,3798.3264613816254,4942.657011737383,6316.2356987370995,7903.016727595388,9642.230982671112,11451.836641610791,13215.936667477656,14854.099158082483,16285.616622719428,17474.777957781607,18429.125883857287,19216.555752371798,19906.563043623202,20222.537092487088,20438.897697995966,20607.75148991565,20717.67773702762,20752.153540527732,20743.26629338039,20695.890355701722,20614.59416559069,20548.365012351118,20508.728909018504,NPgY
OSGODBY 1/2,53.788297,-1.0302696,0.0,0.0,0.0,0.0,0.0,0.0,0.0,0.0,0.0,0.0,0.0,0.0,0.0,0.0,0.0,0.0,0.0,0.0,0.0,0.0,0.0,0.0,0.0,0.0,0.0,0.0,0.0,0.0,0.0,0.0,0.0,0.0,0.0,0.0,0.0,NPgY
OSGODBY 3/4,53.78791700000001,-1.0311436,48.38487868077506,81.15457612636088,124.26090683288416,222.81938718217185,357.3321361162384,539.9375068250291,785.5417852895844,1119.2341600709697,1573.0619801776938,2176.2848573339506,2969.321463747315,3998.553973612145,5309.965058954766,6938.91023991293,8894.63736335995,11154.58791614943,13632.156212700005,16210.412654347063,18724.255312158723,21059.127237333523,23100.1085529716,24797.907428182967,26162.183593908667,27288.595134869945,28276.088080983165,28730.119238965723,29041.891637049986,29285.615421295468,29445.03386475189,29496.662646916364,29486.233933154665,29420.73927915031,29306.81808675997,29214.324655680062,29159.183902007597,NPgY
RODLEY,53.821560999999996,-1.6649558,79.65197916146808,133.59799141220302,204.5603385086233,366.8089218885925,603.6901325318092,934.9484160580064,1392.5328695930825,2028.9775108916433,2913.296141083046,4092.8581843337597,5644.779588185477,7660.008172737799,10228.733778439057,13420.392014455281,17253.139587025402,21683.287707812957,26540.963052538165,31596.800760194037,36527.08667169314,41107.25114883565,45112.06657311498,48447.743523791054,51131.26031511743,53348.252446555256,55292.624658443914,56189.90336565769,56807.61704722343,57291.23517651554,57608.90635840286,57714.681726420094,57698.267490181395,57573.458243949324,57353.50929476485,57175.50837625911,57069.785572625566,NPgY
SAINT ANDREWS ROAD 132/33KV,53.651049,-1.7723623,43.78737382531083,73.44331244322315,112.45370305176635,201.64721020472638,355.9533895813136,585.855414495148,920.4726278439628,1406.2003501358497,2106.3299446264,3045.657168288264,4283.071405306748,5891.3266141344675,7942.603631997004,10492.590694363274,13555.842680876383,17098.123835961887,20983.473077231498,25028.297888913487,28973.67312164324,32640.02923271549,35847.34058321158,38524.32943872645,40682.00781589645,42466.342886728635,44032.302433771525,44759.24542359545,45261.73920550481,45656.09431997793,45916.864377425765,46007.4234149341,45999.575300958044,45904.466741502634,45733.011034009935,45595.02236378674,45513.590201463165,NPgY
SALTEND 132/33KV,53.74295600000001,-0.23803247,0.03388829813130368,0.0568398752972887,0.08703112979989959,0.15606053023470906,0.2560280056442347,0.395346470912192,0.5872179121732103,0.8534006616716938,1.2223993614083566,1.714409657673736,2.3616828622021564,3.2021433365580685,4.2733982481521,5.604396736309451,7.202708944542401,9.050092944577289,11.075715585910993,13.183937709909848,15.239772597751156,17.149574325916575,18.81942022286011,20.21007417598197,21.328702908629307,22.252800295196487,23.06322770488545,23.437074309594355,23.694372415419874,23.89578335368543,24.028024276816787,24.071930521810604,24.064907251364673,24.012702899985506,23.920834326963288,23.84646070145043,23.802269060225054,NPgY
SANTON,53.596126,-0.59482975,51.25191545426857,85.96337508246953,131.62396320733538,236.0225075436662,375.602272711498,563.2655950484169,813.4089183760008,1150.4964990138028,1605.4183255329776,2209.3178499897267,3003.0200574801092,4032.912041354608,5344.976579252913,6974.552402783437,8930.883978272579,11191.307986858696,13669.219674077356,16247.693045879509,18761.60422873759,21096.373274828988,23137.047181221427,24833.79049979397,26196.63300014582,27321.60655926585,28307.688787435083,28760.452423641684,29071.05858120313,29313.73362876076,29472.214344806347,29522.995113148576,29511.806754738638,29445.62552976352,29331.047076108727,29237.91149441851,29182.313849734666,NPgY
SCUNTHORPE NORTH,53.602394999999994,-0.65144596,26.774736893323173,44.90850205098975,68.76224922515236,123.30154852500685,202.05789314348056,311.6817190510429,462.4949588358667,671.5237003904585,961.0504289701843,1347.0432017261196,1854.8280815735209,2514.15439534477,3354.5223314087184,4398.639333361571,5652.443420970804,7101.618073416402,8690.599721723658,10344.366404717484,11957.029055297517,13455.127485981411,14764.983742603748,15855.783493673012,16733.173278437414,17457.966597402432,18093.59562709652,18386.767257683314,18588.521550951875,18746.444145438,18850.115145851367,18884.499795937245,18878.939728578265,18837.943163912318,18765.834763615312,18707.45093139398,18672.755136018804,NPgY
SCUNTHORPE SOUTH,53.575343999999994,-0.62271979,46.654060728238754,78.25152457141729,119.81586089686421,214.8487193614984,352.75341573503243,545.1077167275304,810.2208466867751,1178.250688022652,1688.7336706151016,2369.458726639751,3265.0176115491845,4427.884792355842,5910.096240046792,7751.709447651543,9963.19928834028,12519.333554361885,15322.102331123,18239.172108073748,21083.767367523214,23726.31477423963,26036.858898926224,27961.15462658451,29509.087862071152,30787.853901633014,31909.33574526899,32426.721211314565,32782.833452984065,33061.60651144937,33244.661819264045,33305.48352593436,33295.8282136808,33223.65108987541,33096.5892833843,32993.733498629954,32932.62441242187,NPgY
SILSDEN,53.909186,-1.9236402,85.43146537646003,143.29175869640576,219.40307900284301,393.4242945373202,647.9782361807738,1004.2345229738513,1496.6930682657614,2182.0522993400227,3134.843933702108,4405.849426928889,6078.112260861285,8249.637445729802,11017.613864737956,14456.86793405202,18586.965859691736,23360.84313324924,28595.44351608533,34043.602099914686,39356.48641241511,44292.1026230421,48607.74927852466,52202.434744293685,55094.40305480771,57483.64331077366,59579.1035353662,60546.191947281404,61212.00588337555,61733.30150038769,62075.75652998372,62189.85929204816,62172.277710661125,62037.879034009515,61800.95336207962,61609.2289219524,61495.365676775895,NPgY
SOWERBY BRIDGE 132/33KV,53.708864,-1.9244414,57.24949814324065,96.02294935809385,147.0268139337752,263.64224610182345,452.442737135084,727.3338676365431,1120.1759746077403,1682.2132415014325,2482.568131494918,3554.328800156013,4965.622686901013,6799.3390809670755,9137.702035406794,12044.104862386414,15535.118857835349,19571.475440669852,23998.2988570205,28606.461550446904,33100.95618425564,37277.16953021818,40929.942773021394,43976.6835176507,46430.887133226046,48459.79089728577,50240.005348716535,51064.83402175259,51634.24489255497,52080.773171282126,52375.415268235214,52476.39449424589,52465.50175641182,52355.395350358405,52158.39450931418,51999.556013236914,51905.61927512832,NPgY
STAYGATE,53.766753,-1.7498768,35.760539595258585,59.980132471764755,91.83937626996055,164.68247384663425,311.66201493975484,541.0165843271863,886.5841188169877,1401.4981317214206,2159.5107238518176,3179.788939120409,4524.782833666242,6273.713919990672,8505.199512195166,11279.963859404206,14613.87387976845,18470.0769217919,22700.483340204537,27105.113271495018,31402.042560039477,35395.783790433925,38890.39492285614,41810.50420385767,44166.565693315664,46116.007966835976,47827.487040058644,48624.53210661309,49176.69061542804,49610.57789279669,49898.505328539715,50000.669368799885,49995.28277627632,49894.549948818465,49710.539537561366,49562.917789128085,49476.12513314144,NPgY
THORNHILL 132KV,53.677603000000005,-1.6534879,89.01047791130158,149.29473427752268,228.59461477334358,409.9061665906147,688.1434851842872,1085.1625004183659,1643.1551109501047,2430.66332412634,3539.045685970642,5020.538160223791,6970.580414586266,9503.584753888434,12733.028602979692,16746.342233920233,21566.383827933278,27138.593408230885,33249.23087130407,39609.69276349719,45812.764201712336,51575.97913908153,56616.08324170439,60817.194879725146,64199.22970878951,66994.29501399383,69446.24038610152,70580.1615104699,71361.93492733473,71974.52848833706,72377.8918119392,72514.2947890437,72496.61200372379,72342.25976127242,72068.08712573042,71846.6348842251,71715.39949133023,NPgY
WAKEFIELD MONCKTON ROAD,53.666236,-1.5102271,68.46478694735683,114.83403318942337,175.8296547218395,315.29027843216323,488.22653085638876,712.082264228753,999.6014668067081,1373.6313794035138,1861.2035906102703,2504.6198684416154,3349.155227953427,4444.00003146294,5837.89235935144,7568.205237069818,9644.720282140881,12042.899457105515,14670.954197093422,17404.97137054674,20069.826451863268,22543.96167546225,24705.37391712337,26498.56060085772,27935.97768367713,29121.254045069498,30159.452722544767,30633.088582913522,30956.550050343594,31208.59034246577,31371.93988846043,31421.579827761783,31405.974036943662,31332.44126779375,31207.756418782257,31105.873599860326,31044.691420062343,NPgY
WAKEFIELD NORTH,53.705856000000004,-1.4994056,119.93849615060522,201.16941659715266,308.02322341604463,552.3341783731231,857.5693830188635,1254.252323743322,1765.8025656632267,2433.903196130721,3308.3096503595007,4463.009449724347,5978.878734939671,7944.245527497811,10446.630715211542,13553.164200289482,17281.414785328758,21587.42840203348,26306.375529400604,31215.736421951537,36001.05569604425,40444.07113326012,44325.731386017374,47546.93824362943,50129.67133855566,52259.62937687549,54125.44530860762,54977.30213718617,55559.378350314386,56013.07736511731,56307.39430545287,56397.42409466595,56370.19674198271,56238.87087436626,56015.65835273381,55833.37653909302,55723.988280538826,NPgY
WEST MELTON,53.50118199999999,-1.3767503,234.9112983236216,394.0100164045969,603.2936684117736,1081.8006154355674,1661.4279524875947,2402.2393702174986,3341.3692340221623,4547.217787223136,6098.07205302785,8139.7848031573985,10818.290326584029,14289.385622169155,18707.405088161093,24190.58788341123,30769.88706799047,38366.938572196894,46691.09112487451,55349.98487126576,63788.93284986973,71622.86563923894,78465.23957537052,84136.86648000187,88679.52685303488,92423.7325692319,95702.37514534703,97194.18085267533,98211.08496665912,99002.56946125727,99513.90758452463,99665.74022837672,99611.52433899252,99374.33881285321,98975.36054805317,98648.68251752538,98452.05718787124,NPgY
WHINMOOR,53.833888,-1.4592098,81.91611390181738,137.39555999469948,210.37503606907055,377.2355909037397,618.9000941534837,955.7042750745607,1419.5697146846453,2063.1054851988406,2955.234358079469,4144.773042148561,5709.6938343408165,7741.687147035348,10331.67653365568,13549.652966543492,17413.91894282923,21880.37120476849,26777.75511053655,31874.842052018485,36845.272231712785,41462.63627430851,45499.855763031796,48862.07189559383,51566.60969481558,53800.825434398444,55760.218984222614,56664.08212105403,57286.16319170227,57773.12414268932,58092.85082113023,58199.00858259878,58182.03259815907,58055.821052484105,57833.712407958985,57653.90154047036,57547.06117181669,NPgY
WOLD NEWTON,53.478857,-0.16945604,215.70624299067703,361.7979251991745,553.9716972399077,993.3585488899564,1432.0192993266394,1926.5487134321907,2466.1456225950437,3045.5623050138106,3638.1810297707752,4382.76709038832,5349.229074057067,6592.206231799058,8165.602605310145,10109.928844154389,12435.837261583145,15111.074064185894,18034.176794132167,21068.287345005683,24018.665998137505,26749.760415620236,29125.031260300664,31056.55509899704,32576.175098561976,33816.744797868865,34895.99421428044,35357.89206816997,35658.65914739906,35886.17985029145,36021.03883969125,36034.52821731511,35980.17798397079,35865.33501412988,35695.35468096598,35551.328675482015,35461.358905827445,NPgY
YARBOROUGH ROAD 132/33KV,53.565557,-0.10902566,57.41536955473719,96.30116074269388,147.45280098948732,264.4061080204312,438.62262593269486,684.2813110026798,1026.0749253988724,1504.3920636624807,2172.6281384551903,3064.749216555211,4238.716528030139,5763.362661973527,7706.951322685646,10122.05446529953,13022.418110497558,16375.079643820378,20051.462670968893,23877.959555513207,27609.576195346872,31076.36106512689,34107.874766720226,36633.67364382839,38666.23768128436,40345.69808087523,41818.787808494126,42499.19921470215,42967.909109155466,43335.00566354547,43576.38737451002,43657.29732921027,43645.634629246335,43551.855592702384,43386.0368785156,43251.95308028562,43172.39027337902,NPgY
ALDBROUGH GAS CAVERNS,,,0.0,0.0,0.0,0.0,0.0,0.0,0.0,0.0,0.0,0.0,0.0,0.0,0.0,0.0,0.0,0.0,0.0,0.0,0.0,0.0,0.0,0.0,0.0,0.0,0.0,0.0,0.0,0.0,0.0,0.0,0.0,0.0,0.0,0.0,0.0,NPgY
BINGLEY RAILTRACK,,,0.0,0.0,0.0,0.0,0.0,0.0,0.0,0.0,0.0,0.0,0.0,0.0,0.0,0.0,0.0,0.0,0.0,0.0,0.0,0.0,0.0,0.0,0.0,0.0,0.0,0.0,0.0,0.0,0.0,0.0,0.0,0.0,0.0,0.0,0.0,NPgY
BROUGHTON,,,0.0,0.0,0.0,0.0,0.0,0.0,0.0,0.0,0.0,0.0,0.0,0.0,0.0,0.0,0.0,0.0,0.0,0.0,0.0,0.0,0.0,0.0,0.0,0.0,0.0,0.0,0.0,0.0,0.0,0.0,0.0,0.0,0.0,0.0,0.0,NPgY
BURN PARK FARM,,,0.0,0.0,0.0,0.0,0.0,0.0,0.0,0.0,0.0,0.0,0.0,0.0,0.0,0.0,0.0,0.0,0.0,0.0,0.0,0.0,0.0,0.0,0.0,0.0,0.0,0.0,0.0,0.0,0.0,0.0,0.0,0.0,0.0,0.0,0.0,NPgY
CLEVELAND STREET GENERATION,,,0.0,0.0,0.0,0.0,0.0,0.0,0.0,0.0,0.0,0.0,0.0,0.0,0.0,0.0,0.0,0.0,0.0,0.0,0.0,0.0,0.0,0.0,0.0,0.0,0.0,0.0,0.0,0.0,0.0,0.0,0.0,0.0,0.0,0.0,0.0,NPgY
DONCASTER CENTRAL RAILTRACK,,,0.0,0.0,0.0,0.0,0.0,0.0,0.0,0.0,0.0,0.0,0.0,0.0,0.0,0.0,0.0,0.0,0.0,0.0,0.0,0.0,0.0,0.0,0.0,0.0,0.0,0.0,0.0,0.0,0.0,0.0,0.0,0.0,0.0,0.0,0.0,NPgY
EAST COMMON LANE GENERATION,,,0.0,0.0,0.0,0.0,0.0,0.0,0.0,0.0,0.0,0.0,0.0,0.0,0.0,0.0,0.0,0.0,0.0,0.0,0.0,0.0,0.0,0.0,0.0,0.0,0.0,0.0,0.0,0.0,0.0,0.0,0.0,0.0,0.0,0.0,0.0,NPgY
ELSECAR ROAD BESS,,,0.0,0.0,0.0,0.0,0.0,0.0,0.0,0.0,0.0,0.0,0.0,0.0,0.0,0.0,0.0,0.0,0.0,0.0,0.0,0.0,0.0,0.0,0.0,0.0,0.0,0.0,0.0,0.0,0.0,0.0,0.0,0.0,0.0,0.0,0.0,NPgY
FERRYBRIDGE MULTIFUEL,,,0.0,0.0,0.0,0.0,0.0,0.0,0.0,0.0,0.0,0.0,0.0,0.0,0.0,0.0,0.0,0.0,0.0,0.0,0.0,0.0,0.0,0.0,0.0,0.0,0.0,0.0,0.0,0.0,0.0,0.0,0.0,0.0,0.0,0.0,0.0,NPgY
FRYSTON LANE,,,0.0,0.0,0.0,0.0,0.0,0.0,0.0,0.0,0.0,0.0,0.0,0.0,0.0,0.0,0.0,0.0,0.0,0.0,0.0,0.0,0.0,0.0,0.0,0.0,0.0,0.0,0.0,0.0,0.0,0.0,0.0,0.0,0.0,0.0,0.0,NPgY
HAMBLETON JUNCTION 1,,,0.0,0.0,0.0,0.0,0.0,0.0,0.0,0.0,0.0,0.0,0.0,0.0,0.0,0.0,0.0,0.0,0.0,0.0,0.0,0.0,0.0,0.0,0.0,0.0,0.0,0.0,0.0,0.0,0.0,0.0,0.0,0.0,0.0,0.0,0.0,NPgY
HRS BIOMASS,,,0.0,0.0,0.0,0.0,0.0,0.0,0.0,0.0,0.0,0.0,0.0,0.0,0.0,0.0,0.0,0.0,0.0,0.0,0.0,0.0,0.0,0.0,0.0,0.0,0.0,0.0,0.0,0.0,0.0,0.0,0.0,0.0,0.0,0.0,0.0,NPgY
HUNNINGLEY BESS,,,0.0,0.0,0.0,0.0,0.0,0.0,0.0,0.0,0.0,0.0,0.0,0.0,0.0,0.0,0.0,0.0,0.0,0.0,0.0,0.0,0.0,0.0,0.0,0.0,0.0,0.0,0.0,0.0,0.0,0.0,0.0,0.0,0.0,0.0,0.0,NPgY
KEADBY WINDFARM,,,0.0,0.0,0.0,0.0,0.0,0.0,0.0,0.0,0.0,0.0,0.0,0.0,0.0,0.0,0.0,0.0,0.0,0.0,0.0,0.0,0.0,0.0,0.0,0.0,0.0,0.0,0.0,0.0,0.0,0.0,0.0,0.0,0.0,0.0,0.0,NPgY
KIRKSTALL RAILTRACK,,,0.0,0.0,0.0,0.0,0.0,0.0,0.0,0.0,0.0,0.0,0.0,0.0,0.0,0.0,0.0,0.0,0.0,0.0,0.0,0.0,0.0,0.0,0.0,0.0,0.0,0.0,0.0,0.0,0.0,0.0,0.0,0.0,0.0,0.0,0.0,NPgY
LOW FARM COTTINGHAM GENERATION,,,0.0,0.0,0.0,0.0,0.0,0.0,0.0,0.0,0.0,0.0,0.0,0.0,0.0,0.0,0.0,0.0,0.0,0.0,0.0,0.0,0.0,0.0,0.0,0.0,0.0,0.0,0.0,0.0,0.0,0.0,0.0,0.0,0.0,0.0,0.0,NPgY
NETHERLANDS WAY GENERATION,,,0.0,0.0,0.0,0.0,0.0,0.0,0.0,0.0,0.0,0.0,0.0,0.0,0.0,0.0,0.0,0.0,0.0,0.0,0.0,0.0,0.0,0.0,0.0,0.0,0.0,0.0,0.0,0.0,0.0,0.0,0.0,0.0,0.0,0.0,0.0,NPgY
PILLSWOOD FARM BESS,,,0.0,0.0,0.0,0.0,0.0,0.0,0.0,0.0,0.0,0.0,0.0,0.0,0.0,0.0,0.0,0.0,0.0,0.0,0.0,0.0,0.0,0.0,0.0,0.0,0.0,0.0,0.0,0.0,0.0,0.0,0.0,0.0,0.0,0.0,0.0,NPgY
QUEENS ROAD STEAM TURBINE,,,0.0,0.0,0.0,0.0,0.0,0.0,0.0,0.0,0.0,0.0,0.0,0.0,0.0,0.0,0.0,0.0,0.0,0.0,0.0,0.0,0.0,0.0,0.0,0.0,0.0,0.0,0.0,0.0,0.0,0.0,0.0,0.0,0.0,0.0,0.0,NPgY
REDCOTE LANE BESS,,,0.0,0.0,0.0,0.0,0.0,0.0,0.0,0.0,0.0,0.0,0.0,0.0,0.0,0.0,0.0,0.0,0.0,0.0,0.0,0.0,0.0,0.0,0.0,0.0,0.0,0.0,0.0,0.0,0.0,0.0,0.0,0.0,0.0,0.0,0.0,NPgY
SALTEND LANE GENERATION,,,0.0,0.0,0.0,0.0,0.0,0.0,0.0,0.0,0.0,0.0,0.0,0.0,0.0,0.0,0.0,0.0,0.0,0.0,0.0,0.0,0.0,0.0,0.0,0.0,0.0,0.0,0.0,0.0,0.0,0.0,0.0,0.0,0.0,0.0,0.0,NPgY
SANTON SOLAR FARM,,,0.0,0.0,0.0,0.0,0.0,0.0,0.0,0.0,0.0,0.0,0.0,0.0,0.0,0.0,0.0,0.0,0.0,0.0,0.0,0.0,0.0,0.0,0.0,0.0,0.0,0.0,0.0,0.0,0.0,0.0,0.0,0.0,0.0,0.0,0.0,NPgY
SCAMPSTON DRIVE,,,0.0,0.0,0.0,0.0,0.0,0.0,0.0,0.0,0.0,0.0,0.0,0.0,0.0,0.0,0.0,0.0,0.0,0.0,0.0,0.0,0.0,0.0,0.0,0.0,0.0,0.0,0.0,0.0,0.0,0.0,0.0,0.0,0.0,0.0,0.0,NPgY
SCAWBY BROOK,,,0.0,0.0,0.0,0.0,0.0,0.0,0.0,0.0,0.0,0.0,0.0,0.0,0.0,0.0,0.0,0.0,0.0,0.0,0.0,0.0,0.0,0.0,0.0,0.0,0.0,0.0,0.0,0.0,0.0,0.0,0.0,0.0,0.0,0.0,0.0,NPgY
SKELTON GRANGE ENERGY,,,0.0,0.0,0.0,0.0,0.0,0.0,0.0,0.0,0.0,0.0,0.0,0.0,0.0,0.0,0.0,0.0,0.0,0.0,0.0,0.0,0.0,0.0,0.0,0.0,0.0,0.0,0.0,0.0,0.0,0.0,0.0,0.0,0.0,0.0,0.0,NPgY
STATION LANE,,,0.0,0.0,0.0,0.0,0.0,0.0,0.0,0.0,0.0,0.0,0.0,0.0,0.0,0.0,0.0,0.0,0.0,0.0,0.0,0.0,0.0,0.0,0.0,0.0,0.0,0.0,0.0,0.0,0.0,0.0,0.0,0.0,0.0,0.0,0.0,NPgY
ANNFIELD,54.850196,-1.732107,57.78911100333464,85.69481886561363,124.961037899196,282.7646773463534,499.6646660779937,796.535302112359,1197.7209179951635,1744.5144587456048,2487.2074368837802,3480.8816283807428,4794.269537923845,6507.259814354416,8699.01038858205,11435.294665778096,14737.500775815332,18573.71086282093,22803.404367226143,27230.932622402757,31572.95286737357,35628.25335706964,39192.24960727453,42107.70981482601,44417.42227266196,46323.9180954675,47994.98591614985,48762.06351374671,49288.20049038666,49699.224320320085,49967.56487550968,50053.37056031644,50034.15994779663,49921.753667946745,49727.317968378986,49569.23528023545,49474.84348091214,NPgN
BARRACK ROAD,54.974866000000006,-1.6246235,18.664936495124095,27.67802314860917,40.36036886981531,91.32836020663815,169.76441528392056,283.83298048762697,446.4149309025746,678.4723613116115,1007.1436595813293,1452.548818242746,2043.0907548965986,2814.847202727141,3803.6243908416027,5039.185480298233,6531.1942480028865,8265.481357058281,10178.354857776289,12181.172858912889,14145.69964512819,15980.883395426436,17594.189447222543,18913.604010095016,19959.10296436279,20822.68634551216,21579.983423679318,21929.074143966893,22169.216396936416,22357.143457152,22480.43141419961,22521.150112987798,22514.27804044732,22465.184653858458,22379.0114500845,22309.20450743657,22267.696135755585,NPgN
BLUCHER,54.988611999999996,-1.7240918,47.588220415324145,70.5680336282173,102.9030090899213,232.85126830294737,422.63726632428336,691.3468485951802,1065.7169364779197,1589.9169634559855,2319.8857899789473,3304.087751710277,4607.392880768566,6309.286094950899,8488.603260784575,11210.865209172684,14497.358503533163,18316.652912204587,22528.627621318854,26938.24021904687,31263.209175047465,35303.09357162009,38854.150506989616,41758.59913148726,44059.88161788711,45960.22137129067,47626.366945686044,48393.13855547751,48920.00103849057,49332.02540343018,49601.81653593322,49689.81333872944,49673.104077371296,49563.49131582744,49372.21660894102,49217.04351625599,49124.620523604295,NPgN
BOWESFIELD,54.55194100000001,-1.3181884,61.890883140319346,91.77729035901736,133.83055837744035,302.8348299187959,547.0331300024144,890.8015505246553,1367.3393144811148,2031.7000095313226,2953.218625647107,4194.195031220737,5837.050786561285,7981.938143207974,10728.176358528299,14158.307174781245,18299.150728322817,23111.0409052466,28417.483693496844,33972.7970342987,39421.3739051313,44510.7034799139,48984.10392459133,52643.030447035846,55542.05148337408,57935.83236790437,60034.51631406887,60999.96556014808,61663.161754559434,62181.71981573843,62521.11452046706,62631.48091593376,62609.95893939669,62471.41189554133,62229.978675327824,62034.047234671154,61917.30239649291,NPgN
CHIRTON GRANGE,55.02569200000001,-1.4781117,40.919180221553724,60.6785893801534,88.48212304519707,200.21935952531385,370.1302814943138,615.7668155627867,964.1435257354276,1459.3554234907438,2158.240094321731,3104.3383400632943,4358.404543697203,5997.0253029540245,8096.200655758823,10719.10204156495,13886.243082849924,17567.50209441073,21627.71304264314,25878.755049640014,30048.45506122312,33943.55848873749,37367.65590562076,40168.050722286185,42387.0342935106,44219.81261388626,45826.95829072002,46567.54836642163,47076.88462461197,47475.41747665709,47736.768504807296,47822.86352394429,47807.960673775975,47703.45290127917,47520.23744643336,47371.77350507767,47283.463388762364,NPgN
COALBURNS,54.939129,-1.8112769,39.79052396287658,59.004917784075396,86.0415584636173,194.6967945078078,326.9920523794235,494.40647879988717,703.4932803188938,967.1715592903224,1297.9038801764004,1728.8774119755606,2294.797083920189,3029.7659369968706,3967.4560897926676,5135.8232234700845,6543.9875965353785,8177.826061776774,9977.826580018096,11861.053918594649,13707.119792931873,15430.505948762317,16944.17240491997,18183.050173240405,19164.076971118488,19972.61735252614,20680.590495803168,21002.593390122453,21222.027085594065,21392.789092351893,21503.055759448667,21535.679177437352,21523.809479542946,21472.429089277524,21386.103640485355,21315.39992920897,21272.829219827712,NPgN
DARLINGTON CENTRAL,54.526037,-1.5402628,43.110129349354,63.927523052792594,93.21975046740229,210.93977055861333,357.2188359427191,544.9938901145929,783.1292490358502,1088.3028914049448,1477.847898947571,1988.5392150035066,2660.158287080521,3533.2660605643687,4647.944127788188,6037.475940124084,7712.711583602952,9656.992308759562,11799.404564019538,14041.145415798845,16238.87162038732,18290.76614071897,20093.224900658082,21568.28555956242,22736.463392292506,23699.592480967174,24543.129207455353,24927.626961541548,25190.05336859484,25394.46091885733,25526.8021619186,25566.719888010553,25553.625286661958,25493.46200282632,25391.716281571273,25308.521707849723,25258.524235021156,NPgN
DARLINGTON NORTH,54.555744999999995,-1.5614057,58.076057031003955,86.12032788346147,125.58151938465336,284.16871695729407,487.5073525412678,754.0909847016103,1099.6201421376616,1552.2744921323165,2143.5656407194588,2924.780126138621,3954.156617074717,5294.033806609171,7006.078036727236,9141.509016593242,11717.007782071021,14707.240668285382,18002.96337218962,21452.008487312418,24833.763712586817,27991.54188016428,30765.953638500472,33036.06827691984,34834.134362020595,36317.25310249043,37616.605007179474,38210.49284795505,38616.61382809032,38933.311585897034,39139.02585461127,39202.54290951293,39184.402538243005,39093.77401623492,38939.19799114357,38813.07761230021,38737.467366606295,NPgN
DUNSTON,54.959858,-1.6608848000000003,62.92402070349496,93.3093183622598,136.0645768619888,307.8900177324464,562.6737147225538,926.3033641923621,1436.4296446451267,2154.9472085720213,3160.8100741434278,4519.167262426346,6318.6340834666935,8669.014689019003,11679.238765106847,15439.84251562734,19980.23404039925,25257.086915587377,31076.74352059572,37169.654500869416,43145.757691330335,48728.08477892094,53635.121203625546,57648.51925599434,60828.53929618317,63454.74558287909,65757.43768961089,66817.70647457993,67546.50075558489,68116.56515158206,68490.0649239225,68612.37386487324,68589.97432077513,68439.18274586277,68175.56619135544,67961.802842915,67834.54946817267,NPgN
FLATWORTH,55.001461,-1.4815215,17.675077319729297,26.21017217694379,38.21993397154808,86.48493545949698,166.62312990815684,287.36083759258185,464.40558983056746,722.9410417164397,1096.2866560639502,1605.124704794544,2280.6906750159283,3164.3356168063365,4297.128649255036,5713.21322967278,7423.668092199842,9412.375276415212,11606.216803338406,13903.450883892914,16156.959084239128,18262.288639586324,20113.307356764482,21626.97135317009,22826.502780342402,23817.61748810208,24686.92703866108,25088.382510305055,25364.895172223638,25581.44549924999,25723.807024125224,25771.46225610572,25764.487860859488,25709.05376076049,25611.102392768706,25531.88407179041,25484.86836261189,NPgN
GOSFORTH,55.009707999999996,-1.6054098999999997,48.67297864988971,72.17660934101401,105.2486502065183,238.1590383459583,429.6596793206557,698.8282616145117,1071.447554612985,1590.3178447946698,2309.258233354482,3277.111925295413,4558.294668686082,6230.901551177203,8372.374874111129,11047.07436498563,14275.91312021547,18027.947353346943,22165.56637357352,26497.212167214628,30745.61073553237,34713.87355648288,38201.857470412535,41054.800425236455,43315.21666367098,45181.65514782955,46817.98592442856,47570.659456991365,48087.654792417845,48491.87934072789,48756.410100753514,48842.360482479075,48825.478286129415,48717.35164110378,48529.00005391792,48376.13192054941,48285.03640193788,NPgN
HARROGATE 132/33KV,54.001084,-1.5540421,57.925125809492904,85.89651368275838,125.25515128928112,283.4302038116325,471.33963259504367,704.9000096255231,990.8492589325639,1343.7367515210217,1775.6214451884625,2333.514913811541,3064.47511858183,4012.4103923064094,5220.621570522729,6725.048214500869,8537.42842947077,10639.357936014509,12954.423512956284,15376.10282053965,17749.644010846918,19965.106866878697,21910.555633742064,23503.1204319347,24764.021084776166,25802.68254749016,26711.83196596464,27124.004849932007,27404.24363246774,27622.023868688222,27762.098270256956,27802.328374456432,27785.421672382745,27717.76498007178,27605.147643300286,27512.6893221504,27456.87090827166,NPgN
HUSTHWAITE,54.157154000000006,-1.2272066000000001,22.474557256238505,33.32726667221247,48.59815201002856,109.96900316905241,182.06629795623414,270.92803747993673,378.6833291056842,510.24000646288414,669.2234949522394,873.6487457553642,1141.1741608092295,1487.8424556702648,1929.4640727493595,2479.159633185351,3141.217006615702,3908.868692145822,4754.236770018041,5638.451935892365,6505.021788625917,7313.8101915870275,8023.944797975343,8605.325286962025,9065.589628336586,9444.6235643014,9776.33207133555,9926.454756408022,10028.397514263077,10107.560461827232,10158.368002872989,10172.719658971435,10166.224495291312,10141.210540831058,10099.775615652281,10065.715108482751,10045.123522306394,NPgN
LEEMING BAR_SKEEBY,54.327706000000006,-1.558729,71.52974905865526,106.07065557264849,154.67328581197282,349.99822738351463,601.7457348340217,932.9148592973337,1363.624126911248,1929.7677701832174,2671.852661276796,3653.4086897479906,4947.131216131221,6631.399006173037,8783.757196756675,11468.61659650602,14706.951339760586,18466.95833229704,22611.237477110397,26948.410396922067,31201.04436318996,35172.098792574245,38661.14370620237,41515.93029919532,43777.135667015784,45642.391590885665,47276.603129909345,48023.83818550147,48534.96500020004,48933.613420392845,49192.68097382097,49272.935875187715,49250.48932122128,49136.87615443767,48942.854379874814,48784.59986418589,48689.75896307629,NPgN
LINTON,55.228198,-1.6063017,90.87564958395052,134.75847257699198,196.50614613398048,444.6585747228967,729.1618563391313,1073.2389292445453,1481.2947587951812,1966.785872595167,2535.243911921121,3257.560545252868,4199.940182855803,5418.643121197099,6969.020199109262,8896.987054450567,11217.572905526027,13906.647614711184,16866.823705264876,19962.25568417846,22995.28115395987,25825.445883777647,28309.648455084014,30343.965143371104,31954.12262037978,33279.125258110005,34438.10845485118,34960.229071112146,35313.613749739314,35587.48505944589,35762.24647992008,35809.38195392122,35783.6779286736,35693.24786710686,35545.2882965656,35423.27248797,35349.24416735913,NPgN
MALTON GRID,54.150515000000006,-0.78087083,75.1949000679069,111.50566653578336,162.59867289998223,367.93197345718073,617.3114793509105,932.3235478966507,1324.9762265368947,1819.1122876101324,2437.466740681142,3242.581123670006,4299.57491737717,5672.125093353198,7423.09693889404,9604.681879683214,12233.908610536197,15284.376901715645,18644.994408675226,22160.939691041076,25607.458149131275,28824.892970979126,31650.741117086527,33963.628014774615,35795.10077585167,37304.486635150126,38626.09002242827,39227.00799292921,39636.42631162087,39954.99298217917,40160.627727200415,40221.30400649478,40198.92302373477,40102.784149213665,39941.40036126433,39809.19151351817,39729.568528560856,NPgN
MELROSEGATE,53.959154000000005,-1.0597026000000003,132.68724401619622,196.7604128931709,286.91799268708246,649.2445564710554,1097.844182284685,1672.2587810690384,2398.796847820041,3327.309898436369,4509.030633493783,6056.694966356798,8091.539964355927,10736.411038372393,14112.685108618709,18321.149425430263,23394.663840373847,29282.704768351134,35770.56544892955,42559.08703113583,49214.21057491582,55427.619315264186,60885.5726511729,65352.236609571104,68889.5587636941,71805.80693389513,74359.84078209415,75523.59031655053,76317.6667977758,76936.08940746228,77336.30552167303,77456.64095005649,77416.46713452015,77233.77644839902,76925.15667444063,76672.73655248256,76520.99173551102,NPgN
NORTH TEES,54.589806,-1.2604066999999999,47.47776856953499,70.40424583577783,102.66417210059818,232.31082253393254,428.5668037834485,711.646494001472,1112.3623920812897,1681.0687272934142,2482.558035810793,3567.102940086698,5004.537955615716,6882.635767967216,9288.492251201937,12294.500852435956,15924.17099041144,20142.96229873877,24795.984890621938,29667.66378890118,34446.09465157472,38909.81095590397,42833.7273970507,46042.92374319276,48585.81723330609,50686.08322090451,52527.75851761773,53376.30799945967,53959.83811932433,54416.39912093699,54715.75771081033,54814.273429698005,54797.052679687156,54677.14999153057,54467.046496796276,54296.77422862921,54195.47808799704,NPgN
POTTER HOUSE,54.799625,-1.5917783,72.72418234484836,107.84186717861128,157.25608420690608,355.84264230733385,614.9769435555681,958.5823002785055,1409.0190072348541,2005.676651015264,2793.8763674655384,3839.0936146692975,5217.59367405174,7012.966486889511,9307.940964892,12171.239092925996,15625.231858494255,19636.118956836493,24057.253397634737,28684.395141664212,33221.53253619828,37458.43591743227,41181.28017922686,44227.21101388448,46639.922750317666,48630.444404421316,50374.57603754992,51172.77588359992,51719.10243899048,52145.3620018331,52422.66296058782,52509.1971472409,52486.1223131597,52365.75519621347,52159.616418143516,51991.598634203605,51890.98820444688,NPgN
RAVENSWORTH,54.909082,-1.5952422,22.39474181781191,33.20890926162257,48.42556205574476,109.5784626969442,192.5283933281581,305.1772529260858,456.2978885874299,660.8876428064287,937.0001760253552,1305.6741282758533,1792.7276944595978,2427.76587318239,3240.115168214289,4254.141885951654,5477.771358292584,6899.143268497744,8466.214427032339,10106.519490031618,11715.09442027139,13217.398830766013,14537.637162109908,15617.675522759033,16473.28432588574,17179.446456415506,17798.359727849813,18082.2691281128,18276.90956332808,18428.92188045412,18528.085661882746,18559.623965136718,18552.267300732332,18510.39201882282,18438.123067858392,18379.332442912426,18344.205449692286,NPgN
SCARBOROUGH GRID,54.264786,-0.41437399,106.6371876057407,158.13107897930976,230.58831344707332,521.7804777221763,873.8048129885848,1316.996953687113,1867.4090701414364,2557.369098064299,3416.9973863052705,4534.5333059713585,6001.117897329138,7905.053819224317,10333.499555824132,13358.811404439162,17004.60198327859,21234.183550616857,25893.575207645143,30768.17286709605,35546.391337389054,40006.88865255648,43924.3630976762,47130.821445238085,49669.80353002331,51762.08228611745,53593.9472720734,54426.40599853708,54993.35111376434,55434.382798622755,55718.87320046962,55802.38896750573,55770.779442370665,55636.930390474656,55412.615593240334,55228.774646703714,55118.00355554625,NPgN
SEAL SANDS,54.607020999999996,-1.201775,0.0,0.0,0.0,0.0,0.0,0.0,0.0,0.0,0.0,0.0,0.0,0.0,0.0,0.0,0.0,0.0,0.0,0.0,0.0,0.0,0.0,0.0,0.0,0.0,0.0,0.0,0.0,0.0,0.0,0.0,0.0,0.0,0.0,0.0,0.0,NPgN
SPADEADAM 33KV,55.026159,-2.6066642000000004,0.9019283921325864,1.3374594080378948,1.9502966222328202,4.41317553364283,7.519355830326973,11.547271381895197,16.709801659200927,23.397547969836587,32.03268806435815,43.39733986975475,58.35769390052932,77.81850088396962,102.67428878146922,133.66795764831036,171.0415683283439,214.42549700968553,262.23607937954336,312.26711752877856,361.3189703470083,407.1190293970742,447.3551481398151,480.28020868524976,506.3570648991143,527.86153510188,546.6986484575116,555.2967458105871,561.1708036858673,565.7488479512257,568.717751706187,569.6239645815233,569.3463586750527,568.0177636809426,565.7613490503296,563.9183278639726,562.8120718615353,NPgN
SPENNYMOOR 132/66KV,54.704792000000005,-1.5542753999999999,91.60432140320091,135.83901177337341,198.0817991461227,448.22399817870695,787.2983150166548,1247.588407173159,1864.8429736150345,2700.200923523472,3827.2141641434346,5331.8767872815115,7319.628295213955,9911.287453622255,13226.534824741455,17364.8082375843,22358.451038034626,28159.054024299447,34554.23419608732,41248.266746272835,47812.79860784816,53943.633765981336,59331.45267207077,63739.03799447674,67230.73068674626,70112.5226150625,72638.24875378086,73796.81440551074,74591.075059966,75211.37578605655,75616.00603582742,75744.65882896402,75714.5849428143,75543.64348912309,75248.6656867122,75008.6947215332,74865.30881678841,NPgN
TORONTO,54.673541,-1.7025668,45.98365507240398,68.18864183567611,99.43335629292959,225.00005907694316,399.6421333507125,640.3177492814365,967.6264025026023,1416.292031452497,2028.9992942380081,2850.147802906485,3935.9475483421666,5352.482292010089,7165.2456637873465,9428.659974971491,12160.418649653277,15334.179206258168,18833.6462708732,22496.90935154504,26089.519709317086,29444.99013845832,32394.05337083877,34806.400800281095,36717.58659967897,38295.275614460304,39678.227053304036,40313.4080122989,40749.24910018064,41089.812461462,41312.29868265748,41383.75894842777,41368.30941830109,41275.735749834836,41115.29883397131,40984.92064332608,40907.11381143307,NPgN
WORMALD GREEN 132/33KV,54.074914,-1.5226097,47.464648167258424,70.3847897396896,102.63580102761108,232.24662382500665,388.87913812401115,586.0265317362328,830.8007861950612,1137.541197129652,1519.583012354521,2016.186661492251,2667.8787160653656,3513.8956737818767,4592.964988270013,5937.236878462599,7557.203346788248,9436.559843330206,11506.888879953452,13672.836188207502,15795.954715324968,17777.89515611151,19518.548285252637,20943.278846002504,22071.42623006861,23001.083040772442,23815.02695712891,24184.893236712025,24436.782443295167,24632.725660387783,24759.11338223376,24796.201314199418,24782.136161436632,24722.643256519663,24622.953092292533,24541.247677858468,24492.01528319901,NPgN
BENTON RAIL,,,0.0,0.0,0.0,0.0,0.0,0.0,0.0,0.0,0.0,0.0,0.0,0.0,0.0,0.0,0.0,0.0,0.0,0.0,0.0,0.0,0.0,0.0,0.0,0.0,0.0,0.0,0.0,0.0,0.0,0.0,0.0,0.0,0.0,0.0,0.0,NPgN
BILLINGHAM SYNTHETIC,,,0.0,0.0,0.0,0.0,0.0,0.0,0.0,0.0,0.0,0.0,0.0,0.0,0.0,0.0,0.0,0.0,0.0,0.0,0.0,0.0,0.0,0.0,0.0,0.0,0.0,0.0,0.0,0.0,0.0,0.0,0.0,0.0,0.0,0.0,0.0,NPgN
DERWENTHAUGH ECO PARK,,,0.0,0.0,0.0,0.0,0.0,0.0,0.0,0.0,0.0,0.0,0.0,0.0,0.0,0.0,0.0,0.0,0.0,0.0,0.0,0.0,0.0,0.0,0.0,0.0,0.0,0.0,0.0,0.0,0.0,0.0,0.0,0.0,0.0,0.0,0.0,NPgN
DURHAM RAIL,,,0.0,0.0,0.0,0.0,0.0,0.0,0.0,0.0,0.0,0.0,0.0,0.0,0.0,0.0,0.0,0.0,0.0,0.0,0.0,0.0,0.0,0.0,0.0,0.0,0.0,0.0,0.0,0.0,0.0,0.0,0.0,0.0,0.0,0.0,0.0,NPgN
FOURSTONES 33KV,,,0.0,0.0,0.0,0.0,0.0,0.0,0.0,0.0,0.0,0.0,0.0,0.0,0.0,0.0,0.0,0.0,0.0,0.0,0.0,0.0,0.0,0.0,0.0,0.0,0.0,0.0,0.0,0.0,0.0,0.0,0.0,0.0,0.0,0.0,0.0,NPgN
HAMBLETON JUNCTION 2,,,0.0,0.0,0.0,0.0,0.0,0.0,0.0,0.0,0.0,0.0,0.0,0.0,0.0,0.0,0.0,0.0,0.0,0.0,0.0,0.0,0.0,0.0,0.0,0.0,0.0,0.0,0.0,0.0,0.0,0.0,0.0,0.0,0.0,0.0,0.0,NPgN
HIGH CAYTON SOLAR,,,0.0,0.0,0.0,0.0,0.0,0.0,0.0,0.0,0.0,0.0,0.0,0.0,0.0,0.0,0.0,0.0,0.0,0.0,0.0,0.0,0.0,0.0,0.0,0.0,0.0,0.0,0.0,0.0,0.0,0.0,0.0,0.0,0.0,0.0,0.0,NPgN
HITACHI RAIL TRACTION,,,0.0,0.0,0.0,0.0,0.0,0.0,0.0,0.0,0.0,0.0,0.0,0.0,0.0,0.0,0.0,0.0,0.0,0.0,0.0,0.0,0.0,0.0,0.0,0.0,0.0,0.0,0.0,0.0,0.0,0.0,0.0,0.0,0.0,0.0,0.0,NPgN
HUTTON BONVILLE RAIL,,,0.0,0.0,0.0,0.0,0.0,0.0,0.0,0.0,0.0,0.0,0.0,0.0,0.0,0.0,0.0,0.0,0.0,0.0,0.0,0.0,0.0,0.0,0.0,0.0,0.0,0.0,0.0,0.0,0.0,0.0,0.0,0.0,0.0,0.0,0.0,NPgN
KNAPTON GENERATION,,,0.0,0.0,0.0,0.0,0.0,0.0,0.0,0.0,0.0,0.0,0.0,0.0,0.0,0.0,0.0,0.0,0.0,0.0,0.0,0.0,0.0,0.0,0.0,0.0,0.0,0.0,0.0,0.0,0.0,0.0,0.0,0.0,0.0,0.0,0.0,NPgN
LYNEMOUTH POWER,,,0.0,0.0,0.0,0.0,0.0,0.0,0.0,0.0,0.0,0.0,0.0,0.0,0.0,0.0,0.0,0.0,0.0,0.0,0.0,0.0,0.0,0.0,0.0,0.0,0.0,0.0,0.0,0.0,0.0,0.0,0.0,0.0,0.0,0.0,0.0,NPgN
LYNEMOUTH WINDFARM,,,0.0,0.0,0.0,0.0,0.0,0.0,0.0,0.0,0.0,0.0,0.0,0.0,0.0,0.0,0.0,0.0,0.0,0.0,0.0,0.0,0.0,0.0,0.0,0.0,0.0,0.0,0.0,0.0,0.0,0.0,0.0,0.0,0.0,0.0,0.0,NPgN
NORTH BANK,,,0.0,0.0,0.0,0.0,0.0,0.0,0.0,0.0,0.0,0.0,0.0,0.0,0.0,0.0,0.0,0.0,0.0,0.0,0.0,0.0,0.0,0.0,0.0,0.0,0.0,0.0,0.0,0.0,0.0,0.0,0.0,0.0,0.0,0.0,0.0,NPgN
NORTH BANK GENERATION,,,0.0,0.0,0.0,0.0,0.0,0.0,0.0,0.0,0.0,0.0,0.0,0.0,0.0,0.0,0.0,0.0,0.0,0.0,0.0,0.0,0.0,0.0,0.0,0.0,0.0,0.0,0.0,0.0,0.0,0.0,0.0,0.0,0.0,0.0,0.0,NPgN
PORT CLARENCE BIOMASS,,,0.0,0.0,0.0,0.0,0.0,0.0,0.0,0.0,0.0,0.0,0.0,0.0,0.0,0.0,0.0,0.0,0.0,0.0,0.0,0.0,0.0,0.0,0.0,0.0,0.0,0.0,0.0,0.0,0.0,0.0,0.0,0.0,0.0,0.0,0.0,NPgN
ULGHAM CROSSING,,,0.0,0.0,0.0,0.0,0.0,0.0,0.0,0.0,0.0,0.0,0.0,0.0,0.0,0.0,0.0,0.0,0.0,0.0,0.0,0.0,0.0,0.0,0.0,0.0,0.0,0.0,0.0,0.0,0.0,0.0,0.0,0.0,0.0,0.0,0.0,NPgN
